item_id,shop_id,title,image_id
13137587503,475419989,"√Åo gi·ªØ nhi·ªát nam co d√£n 4 chi·ªÅu, √°o thun gi·ªØ nhi·ªát nam d√†i tay thu ƒë√¥ng",1e10457a0d8a5d93003ba4b7eb70624f
9742055201,299400775,M≈© l∆∞·ª°i trai ‚ù§Ô∏è N√≥n k·∫øt th√™u ch·ªØ Memorie phong c√°ch Ulzzang form unisex nam n·ªØ N01,b2612c1a8242069aced2f2f26b592f38
8929441063,201774917,"Qu·∫ßn ƒë√πi nam GUZADO V·∫£i Gi√≥ Cao C·∫•p,Si√™u nh·∫π th·ªÉ thao kh·ªèe kho·∫Øn m·ªÅm m·ªãn, co gi√£n t·ªët, v·∫≠n ƒë·ªông tho·∫£i m√°i GSR01",aa02567dcbe0710ff304f42abbf06b24
3554096264,257372007,√Åo thun Unisex N7 Basic Tee ph√¥ng tr∆°n nam n·ªØ tay l·ª° oversize form r·ªông 12 m√†u,1d33bcd9977a02c305fa241575bad7de
6662844741,27228264,[M√£ 2611THTRANG100K ho√†n 10% xu ƒë∆°n 99K] √Åo Hoodie N·ªâ b√¥ng TR∆†N m√†u X√°m/X√°m xanh UNISEX/Nam n·ªØ unisex/ HOODIE TR∆†N,6d67f18b6dd6be0a116a5f841f891375
4010229477,79711504,[M√£ 2611THTRANG100K ho√†n 10% xu ƒë∆°n 99K] [C√≥ VIDEO + ·∫¢NH TH·∫¨T] √Åo sweater - √Åo n·ªâ b√¥ng tay d√†i UNISEX NE346,db5ec6d79c3937c3efa8e2d6b3b1efbd
5643790052,254592742, √Åo kho√°c/Qu·∫ßn H√≥a Trang Nh√¢n V·∫≠t Ho·∫°t H√¨nh Haikyuu Aoba Johsai,aa6f1052ee55d7b568dbc5cf84242a57
2849667018,115901754,"√Åo kho√°c Nam, √Åo Blazer Nam Form R·ªông phong c√°ch H√†n Qu·ªëc BZ01 MrHero",6c0c245e3a995ec74cb869ad0776f42d
4649188271,259681663,"Qu·∫ßn baggy nam ·ªëng r·ªông v·∫£i H√†n cao c·∫•p, qu·∫ßn t√¢y √¢u co gi√£n Premium th·ªùi trang JBAGY - JBA01",41c486cc22213d29f0ad9234eb4d5898
8470591014,115229802,"V·ªõ d·ªát kim, t·∫•t th·ªÉ thao Nike, Adidas c·ªï cao, c·ªï trung, th·ªÉ thao, b√≥ng ƒë√°, th·ªùi trang nam n·ªØ. Ch√≠nh h√£ng s·∫µn h√†ng.",9fe8f50139fa554e1bceddda28bcfad4
4649597158,40342563,√Åo N·ªâ Nam Th·ªùi Trang Tr·∫ª Trung Ch·∫•t V·∫£i Co D√£n ZERO,411a277ba3f1aab63b4028c105206474
7624315438,218712444,Qu·∫ßn Kaki Nam N·ªØ ·ªêng Su√¥ng Basic Unisex - Ki·ªÉu qu·∫ßn baggy nam ·ªëng r·ªông m√†u ƒëen v√† be Leevin Store,077b4f12cd804b2d491422438f8b5f2e
3353360956,31245176,"Qu·∫ßn Th·ªÉ Thao N·ªâ 3 S·ªçc Cho C·∫£ Nam v√† N·ªØ QT22(40-82kg) Form Chu·∫©n, Ch·∫•t D√†y ƒê·∫πp",3ba824ff58a473fdf10abff053eeaa7d
1589295236,38003654,√Åo Len Nam C·ªï L·ªç Tay D√†i Ch·∫•t Len L√¥ng C·ª´u M·ªÅm M·ªãn Th·ªùi Trang Cao C·∫•p Faviti AL83,1c1a967b0931d175cd64264b6b7a30f8
8918352987,152194129,Basic Track Pants ( Qu·∫ßn ·ªëng xu√¥ng r·ªông),78aedaa7ec4c59eb1b453390b1782c80
492927954,27228264,[M√£ 2611THTRANG100K ho√†n 10% xu ƒë∆°n 99K] √Åo Hoodie Tr∆°n n·ªâ b√¥ng‚ù§Ô∏è/Nam n·ªØ unisex/HOODIE TR∆†N,9f708f940efebad5970d823234cb5157
5350836710,34043811,"[B·ªô Ng·ªß L·ª•a D√†i Tay]-Pijama Ch·ªØ K√Ω Hot Trend , H√†ng May K·ªπ C√≥ T√∫i Qu·∫ßn.",e206d1e450c5893ef5d207f530d111aa
5152112683,116620629,√Åo kho√°c/ Qu·∫ßn d√†i h√≥a trang ƒë·ªìng ph·ª•c b√≥ng chuy·ªÅn trung h·ªçc Jersey Karasuno trong anime Haikyuu,2ef7e8817a50a5720de242428e41ecc5
2842990873,63382429,B·ªô ng·ªß pijama tay ng·∫Øn m·∫´u m·ªõi nh·∫•t,05b9a7089151cb14e067808d956ad97d
3805614603,195541001,"Qu·∫ßn √¢u nam NPV v·∫£i l·ª•a h√†n co gi√£n,Qu·∫ßn baggy nam ·ªëng r·ªông kh√¥ng nhƒÉn kh√¥ng x√π lo·∫°i t√¢y √¢u Premium th·ªùi trang",ca8c82892785f052189b78bf32097241
3448103572,296694982,[M√£ 2611THTRANG100K ho√†n 10% xu ƒë∆°n 99K] √Åo thun nam POLO tr∆°n v·∫£i c√° s·∫•u cotton cao c·∫•p ng·∫Øn tay c·ª±c sang tr·ªçng,34acd5e930c8a21e1c3a70d3cf2a70c5
2284496141,151237226,"B·ªô 2 ·ªêng Tay Ch·ªëng N·∫Øng, GƒÉng Tay Ch·ªëng N·∫Øng H√†n Qu·ªëc Let's slim",fb271a66cc94102f9fac014cc5823f17
3939797461,225909574,"Qu·∫ßn l√≥t Boxer nam v·∫£i l·ª•a bƒÉng t·ª± nhi√™n 100% tho√°ng kh√≠,co gi√£n cao c·∫•p POLOMAN",b45725bba84c28e64914fef07880e9f2
7011272582,63225042," B·ªô Nam H√® Th·ªÉ Thao Ch·∫•t Thun L·∫°nh , M·∫´u M·ªõi ƒê·∫πp Ch·∫•t ( B·ªô C√∫c 01 )",aa6322ac8292a00f2e090b8e702bccc7
6922178974,82201098, Qu·∫ßn Jogger Kaki T√∫i H·ªôp Nam Thi·∫øt K·∫ø L∆∞ng Thun Cao C·∫•p 4 M√†u ƒêen Ghi Than R√™u,271444ef2835c28a9257cd033b948dd9
14000344444,125427852,"√Åo bomber , √°o kho√°c given.chy th√™u ch·ªØ ng·ª±c tay da c·ª±c hot nam n·ªØ",1f4d1b364a03625217860578b31dd5eb
2764925996,167710204,"√Åo L√≥t Nam Cotton C√≥ Tay M·∫∑c ·ªû Nh√† , √Åo ƒê√¥ng Xu√¢n Nam C·ªôc Tay B·ªô ƒê·ªôi Tr·∫Øng Si√™u R·∫ª Si√™u ƒê·∫πp",3effb9b72a51c606076e82ea4fd3929a
13028886659,209724332,√Åo Polo Nam Tay D√†i Phong C√°ch Tr·∫ª Trung Basic - √Åo Thun Thu ƒê√¥ng D√†i Tay Ki·ªÉu D√°ng ƒê∆°n Gi·∫£n Cao C·∫•p,e10e68c1f672864656e776ccf41372f4
10759781902,209724332,Qu·∫ßn Jean Nam - Qu·∫ßn B√≤ Nam VERATINO V·∫£i Cao C·∫•p Kh√¥ng Phai H√†ng VNXK M√†u X√°m,291467b84cf3f0b6df5b33391091a5ba
3261921902,153602447,Qu·∫ßn th·ªÉ thao nam n·ªØ unisex 3 S·ªçc Qu·∫ßn nam n·ªØ Thu ƒê√¥ng ch·∫•t d√†y co gi√£n ·ªëng su√¥ng m·∫∑c nh√† m·∫∑c th·ªÉ d·ª•c,ac1af2b708ccfe2d961de37e4756bd9b
7995371608,456612539,"√Åo thun nam tay d√†i TOMIJUN Gi·ªØ nhi·ªát th·ªÉ thao nam co gi√£n, gi·ªØ ·∫•m, m√†u s·∫Øc tr·∫ª trung v√† nƒÉng ƒë·ªông",3609ad881eac726d597355c024d48604
3880086000,174605355,Qu·∫ßn ƒê√πi Nam FASVIN V·∫£i Gi√≥ Cao C·∫•p co gi√£n nh·∫π m√°t c√≥ kh√≥a t√∫i ti·ªán d·ª•ng th·ªÉ thao hay m·∫∑c nh√† Q21475.HN,859edb01f0548cd3eb60a631e28066d6
11846814381,119251103,"√Åo n·ªâ hoodie Essentials In cao su n·ªïi Hogoto shop , √°o n·ªâ b√¥ng unisex nam n·ªØ",75bc700dd81a3d880452b9157bbb28ec
4852584605,169421857,"Qu·∫ßn th·ªÉ thao nam,qu·∫ßn thu ƒë√¥ng nam ch·∫•t umi cao c·∫•p",4436bb8a29f9f869f420ad7ca5365488
9343516198,80719539,"Qu·∫ßn l√≥t ƒë√πi nam, qu·∫ßn s·ªãp nam co gi√£n, m√°t m√†u ƒë·∫πp NG·∫™U NHI√äN - OMAN- QL020",8529a76e4c0512f416bf0c0f2ad9e7aa
10103512187,328273016,"Qu·∫ßn L√≥t Nam Boxer Thun L·∫°nh ICON Co d√£n 4 chi·ªÅu, Qu·∫ßn s·ªãp Nam Thun L·∫°nh Boxer ICON Denim Lo·∫°i 1 SI01 - MS66",65f3484d7e4ee924c78429ef7cd43b12
5011790607,45229342,"√Åo thun nam d√†i tay, √°o gi·ªØ nhi·ªát nam co d√£n 4 chi·ªÅu-namdaishop",1324be97d33447d61af34cf68c8780e9
10728484870,156648324,"Qu·∫ßn s·ªãp ƒë√πi nam h√†ng cao c·∫•p, qu·∫ßn s·ªãp nam ƒë·∫πp tho√°ng m√°t, co gi√£n ƒë·ªß m√†u",afcf5cc96fa0185c310cbade9e3e3901
2704231798,106856772, H·ªôp 4 S·ªãp ƒê√πi Boxer Th√¥ng H∆°i Cao C·∫•p D√†nh Cho Nam VEIKUCOOL,6aa50c5c89453cb10b1271b33204c507
1451653460,72550045,Qu·∫•nt l√≥t h√†ng hi·ªáu 4 chi·ªÅu,31bf0b66a70590a34c0d8d2f0f7c7b97
6114102071,156258381,"[BIG SALE] B·ªô vest nam l·ªãch l√£m , v·∫£i ƒë·∫πp, tr·∫ª trung, sang tr·ªçng, ƒë·∫£m b·∫£o kh√¥ng nhƒÉn kh√¥ng x√π",58213076176e957be32e54249a3ad9b4
5348384632,54308152,"Qu·∫ßn Thun l·∫°nh th·ªÉ thao 2 t√∫i kh√≥a k√©o v·∫£i d√†y, m·ªÅm m·ªãn co d√£n 4 chi·ªÅu c√≥ size B·ª±- QSTT012",a2c7d45b6cd7e2e727003908fea7a4d9
7001203366,151684900,Qu·∫ßn ng·ªß nam n·ªØ thun cotton m·ªÅm m√°t (45-90kg),d07428c95a88955653177d46565bcc60
3644596220,257397937,"B·ªô qu·∫ßn √°o b·∫£o h·ªô y t·∫ø, b·ªô ƒë·ªì ph√≤ng d·ªãch ƒëi m√°y bay c√≥ ki·ªÉm ƒë·ªãnh",e2d534d134a604cbe73c84cc2db24350
8457399771,257372007,M√≥c ch√¨a kh√≥a mica N7,f02fecacab8202b009b1b43a7e06f862
6566670041,273744769,T·∫•t ng·∫Øn nam V·ªõ th·∫•p c·ªï 4 m√†u tr∆°n ch·ªëng h√¥i ch√¢n,8e022cdaa1ccc462c0b3b51d02438c91
2770193371,54505120,√Åo N·ªãt Ng·ª±c Tomboy Sb Trans Kh√¥ng Vi·ªÅn Sale Gi√° S·ªëc,fe6916579b13e675857432b52962c87d
6165035533,74543752,"C·∫∑p Bao Tay Ch·ªëng N·∫Øng ,·ªêng Tay Ch·ªëng N·∫Øng H√†n Qu·ªëc Let's Slim",45b4e0e059c9df960368817c0b57a2c2
10003504161,283418144,"Set 1 K·∫πp t√≥c c√†ng cua , c·∫∑p t√≥c c√†ng cua m√†u tr∆°n",94d5a2d9e5e20fd694b0eb34487e2455
8269134769,31031431,Qu·∫ßn thun ƒëen ·ªëng r·ªông ·ªëng su√¥ng baggy nam n·ªØ PHong c√°ch unisex - v·∫£i co gi√£n t·ªët qu·∫ßn ulzzang,42d6733fb7fa37516aab4182b7599ba6
6382406994,378225783,Qu·∫ßn jogger nam n·ªØ ·ªëng r·ªông bo thun bigsize unisex,cd1bc6551c8871e914222d3bfb2cd267
2754473054,115229802,"T·∫•t v·ªõ d·ªát kim Nike, Adidas, Puma, Mizuno, Jordan, Champion, Drew, NY, MLB. C·ªï cao,nam n·ªØ,th·ªùi trang, th·ªÉ thao, ƒë√° b√≥ng.",8fd3e0a1dce9eef9b22a4b12f0718d57
6633666489,261283690,√Åo Ba L·ªó Nam Tyasuo,f7fbb21fee2463b5388fdc0bf782256b
1270277072,61261760,"[M√£ SKAMPUSH11 gi·∫£m 10% ƒë∆°n 200k] Qu·∫ßn √¢u nam Vettino, qu·∫ßn t√¢y nam ƒëen H√†n Qu·ªëc co d√£n v·∫£i ch·ªëng nhƒÉn kh√¥ng bai, x√π",b97f2d4fb46bb859f1e0425a9b754222
12506300984,119251103,"√Åo n·ªâ Hoodie Drew house m·∫∑t c∆∞·ªùi Hogoto shop , √°o n·ªâ b√¥ng hoodie unisex nam n·ªØ",8480f6aed7fa1625ab40a6dafd7e991e
5842816324,273744769,Qu·∫ßn jogger th·ªÉ thao n·ªâ nam n·ªØ LITAIA Qu·∫ßn thun d√†i nam 3 s·ªçc thu ƒë√¥ng SB01,d4657f695f8de2b4d09d91dd2bb36abc
6677991454,374826631,"Th·∫Øt l∆∞ng nam da b√≤ cao c·∫•p, d√¢y n·ªãt nam phong c√°ch h√†n qu·ªëc - D√¢y l∆∞ng kh√≥a t·ª± ƒë·ªông Full option",e26ec61f084bd5d00b717a3e3d15f017
2350192227,71609808," (H√†ng Xu·∫•t X·ªãn) Qu·∫ßn ƒë√πi nam, Qu·∫ßn ƒê≈©i Nam ( M√°t - Nh·∫π Nh∆∞ Kh√¥ng)",3ad254d287b0b1c5a151b6632a671942
13228877086,209724332,B·ªô N·ªâ Nam Ph·ªëi S·ªçc Th·ªùi Trang - Ch·∫•t N·ªâ D√†y D·∫∑n - Phom d√°ng ƒë·∫πp,9238c5293ac94906363c52546f3bf733
5838964930,43488350,Qu·∫ßn Th·ªÉ Thao Nam Jogger 3 s·ªçc & 1 s·ªçc,a8c08ea7c950d79d3b6f8d433a2601b8
10069625190,267034657,"Qu·∫ßn T√¢y H·ªçc Sinh N·ªØ 2 C√∫c, Qu·∫ßn Baggy H·ªçc Sinh L∆∞ng Cao C√≥ Bigsize 82KG",5e0692f38125f3bcbd6163cffc7768af
11366387066,452860550,√Åo kho√°c len cardigan h·∫°t g·∫°o k·∫ª h√†ng Qu·∫£ng Ch√¢u cao c·∫•p lo·∫°i 1 ƒë·∫πp (c√≥ ·∫£nh + video th·∫≠t),65bfd53b21442e44f3d2cbc311d4e665
5290990229,31233825,Qu·∫ßn short ƒë≈©i_qu·∫ßn ƒë√πi ƒë≈©i d√°ng v√°y si√™u hot_m068,0cd3b5012e56f4c964baad8168cceaf7
7207523483,200979223,T·∫•t nh√∫n Mivino v·ªõ n·ªØ nh√∫n c·ªï cao vintage phong c√°ch H√†n Qu·ªëc nhi·ªÅu m√†u TN11,8eda42854d4c1549f50a409b7353e55d
12811729004,31233825,√Åo s∆° mi n·ªØ tr·∫Øng ƒëi h·ªçc tay d√†i bo nh√∫m c·ªï b·∫ª basic form r·ªông v·ª´a - S∆° mi ƒëi h·ªçc sinh n·ªØ tr·∫Øng tay d√†i,b4f491bd72d9b7719f67acb23fe3b847
5844017556,290065942,Qu·∫ßn ·ªëng r·ªông su√¥ng kho√° tr∆∞·ªõc,580cd3c03a6cc6f411abfd8c2b2a80c7
11617568045,232380645,√Åo Kho√°c Phao B√©o 5 M√ÄU [ h√†ng s·∫µn]  ‚ö°Ô∏èH√ÄNG SI√äU SALE  ‚ö°Ô∏è √°o kho√°c ƒë·∫°i h√†n cho n·ªØ  d√°ng r·ªông,d5b91d955f309c3c262b734c419f4f06
9355394520,213634597,Ch√¢n V√°y T·∫ßng X·∫øp Ly X√≤e D√°ng Ng·∫Øn 2 T·∫ßng L∆∞ng C·∫°p Cao RYSO  [ K√®m video sp + ·∫¢nh ],28e56da38f60703a6eaf412a7965fc19
7041550677,22382549,Qu·∫ßn Short N·ªØ G·∫≠p G·∫•u,b42462d1e286441aa380a7ce9cbae77a
9144756471,378384270,√Åo balo n·ªØ basic - phong c√°ch m√πa h√® nƒÉng ƒë·ªông,692bbfd4cc6a1944b86d70d34aaaf3b8
6012227940,184210921,Ch√¢n v√°y tennis ng·∫Øn x·∫øp ly th·ªùi trang n·ªØ h√†ng Qu·∫£ng Ch√¢u cao c·∫•p,6983edacaf284e9e61262a387d4acb86
5606443239,4365245, C√ì SIZE ƒê·ªì b∆°i n·ªØ k√≠n ƒë√°o √°o croptop ƒëen tay ng·∫Øn ph·ªëi ch√¢n v√°y,ef9e694cf42b840205d73b9a76580302
7245259282,158707063,√Åo 2 D√¢y Cotton Croptop S·ª£i B√∫n ƒê·ªám N√¢ng Ng·ª±c D√°ng √îm Tho√°ng M√°t Freesize <60kg 2S01,10562915d1247a2c33c58d2a1438951e
9336871539,168779384,Qu·∫ßn jean ·ªëng r·ªông c·∫°p cao ulzzang,fa64670a00968a90178ed69efa403f75
1657799872,44775733,Len Milk Cotton 50g - B·∫£ng 1,596c77b56f3eef3f7795499cf3f42380
4963949795,338866332,Cosplay H·∫ßu G√°i Nh·∫≠t B·∫£n Sexy - B·ªô ƒê·ªì Ng·ªß C√¥ Gi√∫p Vi·ªác Quy·∫øn R≈© G·ª£i C·∫£m - Maid Cosplay Outfit - CPL01-Chubby.Sexy,d6ab398113e93de2eb669fe6050b76c4
3717386848,183817709,qu·∫ßn legging_qu·∫ßn legging n·ªØ xu·∫•t h√†n,7e070bd7a8dedc493b31ad49c67bb2e8
1592182206,341733,[M√£ 2611THTRANG100K ho√†n 10% xu ƒë∆°n 99K] √Åo Len TƒÉm C·ªï 3 Ph√¢n,ca5af23518a0294778eca7ecabc24906
3549438619,262689468,qu·∫ßn ·ªëng r·ªông su√¥ng l∆∞ng cao kh√≥a tr∆∞·ªõc 1 khuy ch·∫•t tuy·∫øt m∆∞a.,5f58d89527105ce7dba1c4cf58d6e5f0
7250368837,250401620,Qu·∫ßn Jogger Nam N·ªØ Th·ªÉ Thao 3 S·ªçc Form ·ªêng R·ªông ƒê·ªÉ Su√¥ng Ho·∫∑c R√∫t D√¢y Bo G·∫•u V·∫£i D√†y D·∫∑n GUF,e648bf8386e807af890f52bafa024426
4792131232,51878327,‚ö°Gi√° s·ªâ‚ö° V·∫£i l√≥t gi·∫•y habutai nhi·ªÅu m√†u lo·∫°i ƒë·∫πp l√†m l√≥t v√°y ho·∫∑c ph√¥ng n·ªÅn background ch·ª•p ·∫£nh 25k/m,b682b1d30ca39c10bca4ab1469f96444
7217688234,181877747,Qu·∫ßn v√°y c·∫°p cao b√®o 2 t·∫ßng ch·ªëng nhƒÉn ƒëen t·∫ßng tingoan HAZE SKORT/BL,046cd63597cc7059bae86676d251101c
5569172034,170014092,Ch√¢n v√°y x·∫øp ly Goness d√°ng ch·ªØ a l∆∞ng cao phong c√°ch tennis x√≤e ki·ªÉu x·∫øp li ng·∫Øn th·ªùi trang,ecad85a1a1dd84c3fc678adeaa4ac59b
7551120015,286593105," Mi·∫øng d√°n ng·ª±c ti silicon, d√°n ti H·ªôp 5 c·∫∑p s·ª≠ d·ª•ng nhi·ªÅu l·∫ßn JOCOSI H02, 306",c6ee7ca34630e6377c787b333937745b
2023872876,43437768,"√Åo HOODIE BASIC cao c·∫•p, √°o n·ªâ b√¥ng tr∆°n ( nhi·ªÅu m√†u, nhi·ªÅu size)",7f868add073c1371eadedcdc1cbe954d
2313638906,16716114,√Åo bra 367 ƒêa NƒÉng M·∫´u M·ªõi H√†ng Xu·∫•t Nh·∫≠t Si√™u ƒê·∫πp,2ba7922eba6d9bb43873a8db2ef26092
9720534828,64595367,√Åo Vest Xiaozhainv K·∫ª S·ªçc Caro Th·ªùi Trang Cho N·ªØ,7facc4dd46ac65f2bccd5384d58dfaa5
3450871233,35652757,[·∫¢nh th·∫≠t/Video √Åo Blazer 2 l·ªõp 4 c√∫c m·∫´u m·ªõi √Åo vest n·ªØ kho√°c ngo√†i,9ff0effa4d532b3df9735f60e641d82c
3167457976,59298745,ƒê·∫ßm vest n·ªØ x·∫øp ly HB thi·∫øt k·∫ø sang tr·ªçng ƒë·ªß size D004,e1b5ae7f69b02432e04af3d59296aef6
9875115631,243665750,"Qu·∫ßn ·ªëng loe c·∫°p cao legging d√°ng d√†i, Qu·∫ßn legging n·ªØ √¥m ·ªëng loe d√°ng d√†i",b841df82016ae2b5d9d9b2cd6ca4ffd6
6795176084,433071261,√Åo Croptop Tay D√†i C·ªï Vu√¥ng M√†u Tr∆°n Co Gi√£n Phong C√°ch H√†n Qu·ªëc 3 M√†u T√πy Ch·ªçn,17d0aec9392b93ae070a1b75f1996034
12322411796,135862413,√ÅO LEN TƒÇM TR·ªÑ VAI THU ƒê√îNG SEXY,aadba1ef987b1571da476ae486d520a7
5917201534,25960682,"< Video> √Åo gi·ªØ nhi·ªát n·ªØ c·ªï 3 ph√¢n l√≥t n·ªâ, √°o thun l·∫°nh body d√†i tay nhi·ªÅu m√†u",f39418ca12d3f7022c5831ea77d216c6
6543806519,284578166,‚ö†Ô∏è FREESHIP‚ö†Ô∏è T·∫•t nam n·ªØ c·ªï cao th·ªÉ thao th·ªùi trang cao c·∫•p,6879a9a2ee28372aa2e9b23b1fed5da5
6357296355,24190785,√Åo blazer n√¢u t√¢y 2 l∆°p phong c√°ch H√†n qu·ªëc-√Åo vest n√¢u sang ch·∫£nh,ed74547408c7c985539da5f38c8f04ee
8148856682,20376537,√Åo bra n·ªØ h·ªü l∆∞ng ch·ªØ U hai d√¢y len tƒÉm freesize 37-60kg BR14,0d1bd9244587e1df71bd3c06476fbd77
4985877332,193512113,√Åo S∆° Mi N·ªØ form r·ªông L·ª•a h√†n Ki·ªÉu M√†u Tr·∫Øng ƒëen h·ªìng xanh ƒë·∫πp d√†i tay ulzzang vintage h√†n qu·ªëc cao c·∫•p tr∆°n kozoda SM31,511dd1c77484162a5943fc4c1066489e
7836356337,51878327, ‚ö°Gi√° s·ªâ‚ö° V·∫£i voan l∆∞·ªõi tutu nhi·ªÅu m√†u lo·∫°i m·ªÅm ch·∫•t d√†y ƒë·∫πp kh√¥ng nh≈©,6b14d00ea1c51a0d226f000f2f431cad
6544563472,275954116,Qu·∫ßn L√≥t N·ªØ ƒê√∫c Su thun l·∫°nh cao c·∫•p kh√¥ng ƒë∆∞·ªùng may m·ªÅm m·∫°i kh√°ng khu·∫©n ƒë∆∞·ª£c ch·ªçn m√†u m·∫´u 810,62e550e883217c9112ea5da73820bb39
8488491910,64548749,√Åo cardigan n·ªâ b√¥ng cotton unisex d∆∞·ªõi 85kg - Th√™u logo M missout,911fc5eee86f6f9e2849780f63859378
10668503675,267034657,Qu·∫ßn Gi·∫£ V√°y N·ªØ L∆∞ng Thun Ch·∫•t V·∫£i KaKi C√≥ L√≥t Qu·∫ßn B√™n Trong L√™n D√°ng Si√™u Xinh,aad2f17619f8f29a522fc7c28ec1de83
13306226853,184689832,√Åo gile k·∫ª caro vintage Forgirl √°o kh√¥ng tay d√°ng xu√¥ng c√° t√≠nh,380e808cb9e9bde45e30b794a72330f1
7755352330,301910218," √Åo ·ªëng kh√¥ng d√¢y YOCO'S, Bra qu√¢y ng·ª±c ch·∫•t thun m·ªÅm m√°t BRA011-Smartlife365",bcb2fb0bd771ff9534ec94343c7df01d
9427184730,383300809,"Ch√¢n V√°y Ng·∫Øn X·∫øp Ly Tennis Madela d√°ng Ch·ªØ A X√≤e, Ch√¢n V√°y X·∫øp Li Tennis d√°ng Ch·ªØ A, V√°y x·∫øp Ly phong c√°ch Tennis",66146afbde768f9de9a6cc824b3e1579
12816475283,81184070,[M√£ 2611THTRANG100K ho√†n 10% xu ƒë∆°n 99K] √Åo Sweater LOS N·ªâ B√¥ng Unisex Nam N·ªØ (·∫¢nh Th·∫≠t/Unisex),5acdc0e56d41fa67f682c33a8c08d3e2
6208194669,7173476,Qu·∫ßn t·∫•t üåà freeship 50k‚úÖ Qu·∫ßn t·∫•t d·ª©a m·ªèng gi√° s·ªâ (ƒë∆∞·ª£c ch·ªçn m√†u),7639dbe23c8f911e96e8351c76fb1442
3341979076,37129599,"Qu·∫ßn b√≤ n·ªØ - qu·∫ßn jeans ·ªëng r·ªông l∆∞ng cao, v·∫£i b√≤ d√†y ƒë·∫πp , kh√¥ng gi√£n ,d√°ng su√¥ng",cc2c3cba7a7c1aed608c8b6e5960ed72
267958614,19937754,"√Åo ng·ª±c m·∫∑c √°o ƒë·∫ßm h·ªü l∆∞ng,ch·ªëng t·ª•t kh√¥ng d√¢y c√∫p ngang Th√°i Lan m√†u da m√†u ƒëen",b304368831b87b87a43f96722a679911
619946362,20097614,[M√£ SKAMPUSH11 gi·∫£m 10% ƒë∆°n 200k] √Åo gi·ªØ nhi·ªát n·ªØ C√ì L√ìT N·ªà c·ªï cao 3P d√°ng √¥m d√†y d·∫∑n co gi√£n - NhiNhi Shop,818a3ce04f6b195ba6ce7ed21c4092cb
13443933116,184210921,√Åo kho√°c blazer-Vest N·ªØ Tay D√†i 2 L·ªõp M√†u Tr∆°n H√†n Qu·ªëc Mix Qu·∫ßn Ch√¢n V√°y C∆∞c Xinh A515 SUTANO,b1e5be5eb05c412e4d482336fc250193
5805116903,162176662,[M√£ 2611THTRANG100K ho√†n 10% xu ƒë∆°n 99K] Qu·∫ßn T·∫•t N·ªØ Gi·ªØ Nhi·ªát D√†y 80D Thon Ch√¢n Lynhuyen - 2 M√†u - Q001,39a8ebb1fb632886c01b849fc1fd2e54
6635010613,140098752,Cu·ªôn BƒÉng D√°n N√¢ng Ng·ª±c C√≥ Th·ªÉ T·∫°o Nhi·ªÅu Ki·ªÉu ƒêa D·ª•ng Cho N·ªØ,1d79b4f78912ae9dc201749e42235363
10412361694,303854505,"[M·∫´u m·ªõi] √Åo bra cotton tƒÉm gam m√†u pastel quy·∫øn r≈©( c√≥ m√∫t ƒë·ªám ng·ª±c) - √Åo 2 d√¢y croptop t·∫≠p gym, yoga",9598979fba800c26489aa73fffc3405b
4513650551,157404536,[V·ªõ n·ªØ nh√∫n c·ªï cao] T·∫•t n·ªØ nh√∫n c·ªï cao phong c√°ch vintage h√†n qu·ªëc,3043a9f0abc9b6c8855f92a84f21e51f
7988772345,196279464,üíÉ ƒê·∫ßm Polo N·ªØ ƒêen D√°ng √îm V√°y N·ªØ Ng·∫Øn Body Ng·∫Øn,d94762a70b262969029f3792bf3c8a26
6431668482,124694444,Len milk cotton 50g [baÃâng maÃÄu 1 - 50],2235dc5c2254bb78cb1f0551adfad3c6
4355399694,191860432,"√Åo 2 d√¢y s·ª£i b√∫n thun g√¢n ƒë·∫πp 100% cotton ƒëen tr·∫Øng , √°o croptop √¥m m·∫∑c trong si√™u m√°t DA099",525a8fa12ae3e1cd2c856530ecac3baa
6742836585,64595367,Xiaozhainv √Åo Hai D√¢y C·ªï Ch·ªØ V Quy·∫øn R≈© Th·ªùi Trang D√†nh Cho N·ªØ,d0b42efd447df9e600d4a2958f54b2a1
10149018060,98758274,Set N·ªâ Cosmos PEONYB Unisex [FREESHIP] üå∏ B·ªô ƒë·ªì qu·∫ßn ·ªëng boom √°o d√†i tay hoodie form r·ªông nam n·ªØ Ulzzang üå∏,c94d1df4b984efed32da867725395472
3234892798,260511154, Qu·∫ßn l√≥t n·ªØ ƒë√∫c su thun l·∫°nh kh√¥ng ƒë∆∞·ªùng may m·ªÅm m·∫°i QL16,dfec6f69666253e1d65cffa823de69b6
4013682653,89827191,·ªêp l∆∞ng iphone Logo T√°o M·∫° V√†ng 6/6plus/6s/6splus/7/7plus/8/8plus/x/xr/xs/11/12/13/pro/max/plus/promax,6b8c9bf1acc90a51fb8d8579600a3fc4
8835459991,89827191,"D√¢y qu·∫•n b·∫£o v·ªá c√°p s·∫°c , tai nghe 10 m√†u ch·ªëng ƒë·ª©t g√£y v·ªè ·ªëp i12 pro shin case",cefe15ddd6f0475e9f3e21943305e666
9570657944,69897724, ƒêi·ªán tho·∫°i Vivo Y20 (2021) 4GB + 64GB - H√†ng ch√≠nh h√£ng,41694acce229f8102e750ab976683b90
13908620813,7669738,·ªêp l∆∞ng iphone trong l·ªó camera bear.bri.ck 6/6plus/6splus/7/7plus/8/8plus/x/xs/11/12/13/pro/max/plus/promax-Awifi U4-9,97e9c684d24e53e438f71fe266461f35
3570967182,89827191,Gi√° ƒê·ª° Ch·ªëng L∆∞ng Cho Ph·ª• Ki·ªán pop ƒêi·ªán Tho·∫°i Tai Nghe Bluetooth i12  Pin D·ª± Ph√≤ng Shin Case,a5f1de7df962960d68327de6223345d3
4953073700,308419714,B√∫t C·∫£m ·ª®ng ƒêa NƒÉng FONKEN 2 Trong 1 D√πng Cho ƒêi·ªán Tho·∫°i/ M√°y T√≠nh B·∫£ng/ Ipad air 8,6b69670cfd5738461792ef252070fa1d
13904501179,7669738,·ªêp l∆∞ng iphone trong l·ªó vi·ªÅn camera h√¨nh in xgirl 6splus/7/7plus/8/8plus/x/xr/xs/11/12/pro/max/plus/promax- Awifi G3-1,de84cc03a96e836588e6202fcb9e7271
5624352316,89827191,Gi√° ƒê·ª° K·∫πp ƒêa NƒÉng Cho Ph·ª• Ki·ªán ƒêi·ªán Tho·∫°i Tai Nghe Bluetooth i12 C√°p S·∫°c  Pin D·ª± Ph√≤ng - Shin Case,67662441d00e2bb9ee40140cb02c8caa
3302939384,89827191,K√≠nh c∆∞·ªùng l·ª±c iphone 21D full m√†n 6/6s/7/7plus/8/8plus/plus/x/xr/xs/11/12/pro/max/Shin Case,5258d1d03cbfe08d1f1a0ebab62eb25a
7450412869,89827191,Ph·ª• Ki·ªán B·∫£o V·ªá Ch·ªëng ƒê·ª©t G√£y D√¢y S·∫°c Cho ƒêi·ªán Tho·∫°i Ph·ª• Ki·ªán Tai Nghe Bluetooth i12 C√°p S·∫°c Pin D·ª± Ph√≤ng V·ªè Case ·ªêp,132fe974c005760493f8ed89f5ddcb74
4157832854,210876591,[H√†ng Lo·∫°i 1] Gi√° ƒê·ª° ƒêi·ªán Tho·∫°i livestream xem video ·ªîn ƒê·ªãnh Xoay 360 ƒê·ªô d√πng ƒë·ªÉ Quay Phim Ghi H√¨nh ƒêa D·ª•ng,ac6b493c9dbac63c47ded0732c045956
1816046270,71306823,"Ch√¢n m√°y ·∫£nh, tripod Weifeng WT-3520, khung nh√¥m cao c·∫•p, t·∫∑ng k√®m k·∫πp ƒëi·ªán tho·∫°i",1c50625cd6f1e230654c4c50a4ab7935
2265399926,89827191,·ªêp l∆∞ng iphone si√™u ch·ªëng sock 6/6plus/6s/6splus/7/7plus/8/8plus/x/xr/xs/11/12/13/pro/max/plus/promax - Shin,3cfcb432dfd6b21030e5627204a4e27b
8182516417,494197338,‚ú®THM ‚ú®Square edges Candy colours iphone 6 6plus 6s 6splus 7 7plus 8 8plus X Xr Xs 11 12 13 Pro Max Plus Promax,02aa29d4d955399a45af27c660cdc343
6957150746,89827191,Gi√° ƒë·ª° ƒëi·ªán tho·∫°i ƒë·ªÉ b√†n h√¨nh ch·ªØ V,a32a6950b1dc3602b1d1e3011c007a41
2419801180,82702285,"Tripod - Ch√¢n ƒë·∫ø ƒëi·ªán tho·∫°i, ch√¢n ƒë·∫ø m√°y ·∫£nh Yunteng VCT 5208 ki√™m gi√° ƒë·ª° c√≥ remote Bluetooth ƒëi·ªÅu khi·ªÉn ch·ª•p t·ª´ xa",81d964ef50e88d7c93a62e88516cfacf
3534819886,89827191,Gi√° ƒê·ª° Ch·ªëng L∆∞ng Cho Ph·ª• Ki·ªán ƒêi·ªán Tho·∫°i Tai Nghe Bluetooth Kh√¥ng D√¢y √îp¬∑ i12 2 Pro  Pin D·ª± Ph√≤ng Case,679d50d1b5dd10b3c58af8e4e702ce63
8900675549,7669738,V·ªè ·ªëp case b·∫£o v·ªá bao ƒë·ª±ng tai nghe kh√¥ng d√¢y bluetooth (2) 1/2/Pro/i12/i9/i7/tws ch·ªëng va ƒë·∫≠p - AWiFi F1-7,0c45743e9cf91c05ba7f44f54dcde502
4774821884,369937060,Bao da m√°y t√≠nh b·∫£ng th·ªùi trang cho Ipad 10.2 10.5 9.7 Air3 Air1 Gen 8 7 6 5 2 3 4 Mini 1 2 4 5 (2020/2019/2018/2017),8dc1769b2e1f81e0273fb88a12d3314d
5864922921,337486746,Sim data 4g vietnamobile v√†o m·∫°ng 1 nƒÉm gi√° r·∫ª 30gb/th√°ng duy tr√¨ ch·ªâ v·ªõi 30k sim gi√° r·∫ª g√≥i c∆∞·ªõc c·∫£m ∆°n,61b94a2572dd9d5450c90aa85348386c
4975015884,7669738,·ªêp l∆∞ng iphone vu√¥ng c·∫°nh h√¨nh ni.k.e 6/6plus/6s/6splus/7/7plus/8/8plus/x/xr/xs/11/12/pro/max/plus/promax - Awifi E4-6,2d4b7c03644b54313b00eff83b23f261
2066384445,89827191,K√≠nh c∆∞·ªùng l·ª±c iphone 15D REMAX full m√†n 6/6s/7/7plus/8/8plus/plus/x/xr/xs/11/12/pro/max - case,f90281bc67a578f781df13cf3e9b0ad2
1485465353,89967044,Gi√° ƒë·ª° ƒëi·ªán tho·∫°i Tripod -k√®m k·∫πp ƒëi·ªán tho·∫°i 3 ch√¢n-ƒëi·ªÅu khi·ªÉn remote t∆∞∆°ng th√≠ch v·ªõi nhi·ªÅu d√≤ng m√°y,b6c696f4297aac9f34cba61aec09c3a7
8972624927,96251011,Gi√° ƒê·ª° ƒêi·ªán Tho·∫°i Livestream -Xem Video ·ªîn ƒê·ªãnh Xoay 360 ƒê·ªô D√πng ƒê·ªÉ Quay Phim Ghi H√¨nh ƒêa D·ª•ng,8d53f303ff5ff30d9bc30381352149b6
5217183204,89827191,K√≠nh c∆∞·ªùng l·ª±c iphone 2.5D trong su·ªët 6/6s/7/7plus/8/8plus/plus/x/xr/xs/11/12/pro/max/Shin Case/·ªêp l∆∞ng iphone,4609ad8eec564b24e7345058499355cd
5213198753,7669738,K√≠nh c∆∞·ªùng l·ª±c Full m√†n 21D 6/6s/6plus/6s plus/7/8/7plus/8plus/x/xs/xs max/11/11pro max - Awifi Case D1-3,416bb9859c70c4930f3158afdc956410
5014851627,7669738,K√≠nh c∆∞·ªùng l·ª±c iphone 10D Full m√†n 6/6plus/6s/6splus/7/7plus/8/8plus/x/xr/xs/11/12/pro/max/plus/promax - Awifi Case M2-4,99a6d82477535d40b2332f66d1bd4baf
1225334875,7669738,[M√£ SKAMPUSH11 gi·∫£m 10% ƒë∆°n 200k] D√¢y c√°p s·∫°c Hoco X14 Lightning C√°p Tai nghe ·ªëp - Awifi Case H4-7,57b92369fa9fa9fbc1c803a748021c38
1482535296,89827191,·ªêp l∆∞ng iphone TR∆†N CH·ªêNG ·ªê 6 M√ÄU 6/6plus/6s/6splus/7/7plus/8/8plus/x/xr/xs/11/12/13/pro/max/plus/promax,c6ce1aa5499a0586517c8335855b64de
6408448242,131195741,T√∫i Baseus th√¢n c·ª©ng mini ƒë·ª±ng tai nghe/c√°p s·∫°c USB/th·∫ª nh·ªõ SD TF,8842e2d00175b67f3207f416b049e973
3911594625,27450204,D√¢y ƒë√®n led Cherry Ball 40 b√≥ng d√πng pin Aa v√† usb gi√° s·ªâ,9eef701434a1ed1ba47560c3657d9e57
1260394779,7669738,"Gi√° ƒê·ª° Ch·ªëng L∆∞ng Cho Ph·ª• Ki·ªán pop ƒêi·ªán Tho·∫°i Tai Nghe Bluetooth, Pin H√¨nh Gi√° T·ª±a - AWiFi Case L3-6",ddab359f262b0b93a76eaa131db44e1d
4771558838,359322451,"B·ªô C·ªß + c√°p s·∫°c SD DESIGN C66 ch√≠nh h√£ng s·∫°c nhanh an to√†n cho ƒëi·ªán tho·∫°i Android,Iphone",4b6287fdd76cd2020798f6ed333386c4
5619149567,164964754,"Th·∫ª nh·ªõ 128Gb/64Gb/32Gb/16Gb JVJ Pro U3 Class 10‚Äìchuy√™n d·ª•ng cho CAMERA, ƒêi·ªán tho·∫°i, M√°y ·∫£nh,... t·ªëc ƒë·ªô cao 95Mb-140Mb/s",77ec4db71aeba112cecadd11423332c5
9224008740,197705196,·ªî c·∫Øm chuy·ªÉn ƒë·ªïi 3 ch·∫•u th√†nh 2 ch·∫•u,6535b65b7cd934ca479e8bf1f74b0150
1447479049,7669738,[M√£ SKAMPUSH11 gi·∫£m 10% ƒë∆°n 200k] Gi√° ƒê·ª° ch·ªëng l∆∞ng cho ƒëi·ªán tho·∫°i di ƒë·ªông ph·ª• ki·ªán h√¨nh ch·ªØ V - Awifi Case H2-7,2af6814622eed5862ccc2de4e99e8b94
5369228099,118645835,PVN22675 K·ªá Gi√° ƒê·ª° ƒêi·ªán Tho·∫°i G·∫Øn D√°n T∆∞·ªùng Ti·ªán L·ª£i M·∫´u M·ªõi T2,1ddcb4f442d7c78e601a7e8cb47e28c8
1225891269,7669738,·ªêp l∆∞ng iphone ch·ªëng sock va ƒë·∫≠p 5/5s/6/6plus/6s/6splus/7/7plus/8/8plus/x/xr/xs/11/12/pro/max/plus/promax - Awifi B1-1,5e8856510b790e6f12283a60aae23247
6143692937,111427310,V·ªè ·ªëp case b·∫£o v·ªá bao ƒë·ª±ng tai nghe kh√¥ng d√¢y bluetooth 1/2/Pro ch·ªëng va ƒë·∫≠p - Jerry Shop,03b2f0999149eb88d11ac0fcd27c4aa9
8519633743,241921645,"K·ªá G·∫Øn T∆∞·ªùng ƒê·ªÉ ƒêi·ªán Tho·∫°i Khi S·∫°c C√≥ Khe H·ªü Ti·ªán L·ª£i, ƒê·ªÉ ƒë·ªì d√πng, Remote",52a44ef8a88859b6d64a087cddbd4069
8674460091,421832091,"S·ªâ Mi·∫øng D√°n ƒêi·ªán Tho·∫°i C·∫£i V·∫≠n, ƒê·∫πp Lung Linh, Ph√π H·ª£p Cho Anh Ch·ªã B√°n Bu√¥n",ac159860d15a4e6d74adb6dababc32f8
4919108444,130641691,D√¢y ƒêeo Th·ªùi Trang (ƒêeo ·ªêp ƒêT - ƒêeo Th·∫ª) T√°o Xanh Ph·ª• Ki·ªán,e9b2f41eebad0cdc919abb89d47da5ab
3459652353,241691029,"[M√£ SKAMPUSH11 gi·∫£m 10% ƒë∆°n 200k] [ B·∫¢O H√ÄNH 3TH] G·∫≠y livestream , quay tiktok ,quay video, ch·ª•p ·∫£nh lo·∫°i X·ªäN lo·∫°i T·ªêT",5e7e2aad39d6c81ca352fd7ef93ad6a9
3570471215,116594764,"B·ªô d√¢y c√°p v√† c·ªß s·∫°c nhanh 18W c√¥ng ngh·ªá PD, c·ªß s·∫°c 18W, d√¢y s·∫°c type C to lightning cho 6, 7,8,X,11,12 HC BH 12 th√°ng",70f2025d774cd061220e0a6426c52c70
11066254666,129046673,"Bao Tay Ch∆°i Game ff, Pubg, Li√™n Qu√¢n.... GƒÉng tay ch∆°i game Ch·ªëng M·ªì H√¥i, Si√™u Nh·∫°y, Co Gi√£n C·ª±c T·ªët B·∫±ng S·ª£i Carbon",339d9f620a566e28113f301519d8460e
3712682288,7669738,K√≠nh c∆∞·ªùng l·ª±c iphone 15D Remax Full 6/6plus/6s/6splus/7/7plus/8/8plus/x/xr/xs/11/12/pro/max/plus/promax-Awifi Case F1-1,1dca8b3a614124feb220aac45af305d7
10545917337,7669738,·ªêp l∆∞ng iphone trong l·ªó vi·ªÅn camera bear.brick ƒë·ª©ng 6splus/7/7plus/8/8plus/x/xr/xs/11/12/pro/max/plus/promax-Awifi B2-12,91da1fe819b83a15fa5cd88d6073cd70
6911932764,130641691,C∆∞·ªùng L·ª±c Iphone Full m√†n 10D - C∆∞·ªùng l·ª±c ip (t·∫∑ng kh√°ch gi·∫•y lau Kh√¥ - ∆Ø·ªõt),575541085ab73fad27c19bb839d8447a
2901595841,130641691,"D√¢y qu·∫•n S·∫°c - Tai Nghe (Tai nghe qu·∫•n 4 d√¢y, c√°p s·∫°c qu·∫•n 3 d√¢y)",50822998345e6be8fbd6c38b3f19b955
2092168075,136436271,[CH√çNH H√ÉNG]K√≠nh C∆∞·ªùng L·ª±c KingKong Ch√≠nh H√£ng Full M√†n,8aafddb660c02a8816f4f510899d9b88
4768661849,78218608,"D√¢y C√°p Ngu·ªìn Usb 5v Sang 9v 12v ch√¢n 5,5mm 2.1mm d√πng Wifi khi m·∫•t ƒëi·ªán",65fa89f5cdcd3e374b8cdffe2122e847
5957005563,130641691,Remote Bluetooth ƒêi·ªÅu Khi·ªÉn Ch·ª•p H√¨nh ·∫¢nh T·ª± S∆∞·ªõng T·ª´ Xa G√≠a R·∫ª,fed6fd195d13fa682b7c4bc6bbc15c25
2608753400,89827191,K√≠nh c∆∞·ªùng l·ª±c iphone King Kong 6plus/6s/6splus/7/7plus/8/8plus/plus/x/xr/xs/11/12/pro/max/Shin Case/·ªêp l∆∞ng iphone,ddf1c8178511070bf37a5fc3bc661897
5952350479,166333877,B√∫t c·∫£m ·ª©ng Goojodoq chuy√™n d·ª•ng cho Apple Pencil iPad 1 2 / Android IOS Xiaomi Huawei Samsung,dbd11f14f9a924f22340981800dd8189
13315110875,89827191,·ªêp l∆∞ng iphone X-Brick trong c·∫°nh vu√¥ng 6/6plus/6s/6splus/7/7plus/8/8plus/x/xr/xs/11/12/13/pro/max/plus/promax,917cd3349269fb32a501e26ad3590761
3217349085,89827191,"Gi√° ƒë·ª° ƒëi·ªán tho·∫°i, Iring h·ªó tr·ª£ xem phim g·∫Øn Tai Nghe Bluetooth i12 pro  Pin D·ª± Ph√≤ng Shin  Case",f2e4ec906dca308a2a998cc597210b4a
7270424424,13336311,"Th·∫ª nh·ªõ 1gb,2gb,4gb,8gb,16gb ...ch√≠nh h√£ng b√≥c m√°y!Th·∫ª ƒë∆∞·ª£c test k·ªπ, chu·∫©n dung l∆∞·ª£ng",96213e307e5738036ca2ed0cf7ae7187
5645541482,15964370,"K√≠nh c∆∞·ªùng l·ª±c 9H cho iPad |Full t·∫•t c·∫£ c√°c d√≤ng ( iPad Pro 11', Air 1/2/3/4, Mini 1/2/3/4/5/6, Gen 2/3/4/5/6/7/8/9)",df73ee069d363a5db2266f508364833d
6793129121,157579372,"Mi·∫øng d√°n ƒëi·ªán tho·∫°i may m·∫Øn, lung linh ph√π h·ª£p c√°c d√≤ng m√°y",cd7f36d677941ad531a871a658f86771
4812682396,89827191,K√≠nh c∆∞·ªùng l·ª±c iphone ch·ªëng nh√¨n tr·ªôm 6/6s/7/7plus/8/8plus/plus/x/xr/xs/11/12/pro/max/Shin Case/·ªêp l∆∞ng iphone,bee4eaebef2735f4dcaffaf3397c652e
11660846447,48184967,"Kh·∫©u trang tr·∫ª em KF94 üíñT√∫i 10 CHI·∫æCüíñ, kh·∫©u trang cho b√© 4D h·ªça ti·∫øt xinh x·∫Øn, ƒë√°ng y√™u, Togabo",9a782297277476a7dafbf82e2975ac7a
9265300215,460047409,"B√†n ch·∫£i ƒë√°nh rƒÉng cho b√© ch·ªØ u ch·∫•t li·ªáu Silicon ch·ªãu ƒë∆∞·ª£c l·ª±c c·∫Øn, cho b√© t·ª´ 2 tu·ªïi - 6 tu·ªïi FOSSIO E50",d8f11bba141697900bf4fcefbdf42046
9503862358,226055724,Kem ch·ªëng n·∫Øng Altruist Dermatologist Sunscreen SPF 30 - SPF 50,832ddb9f28921b9e8f21b691bb3a1d9b
4763554517,158616416,"Thanh ch·∫Øn c·ª≠a, ch·∫Øn c·∫ßu thang kh√¥ng khoan t∆∞·ªùng an to√†n cho tr·∫ª nh·ªè",996ba365f4b739f567232826e4882769
8552687989,267075185,KhƒÉn lau m·∫∑t d√πng 1 l·∫ßn spa LIKADO k√≠ch th∆∞·ªõc (20x20cm)(50 t·ªù)(1 cu·ªôn),272234c360cfed27df702897ed901dae
4278006422,80982978,"Thanh ch·∫Øn gi∆∞·ªùng SALE gi√° nh·∫≠p, ch·∫∑n gi∆∞·ªùng Pakey d·∫°ng tr∆∞·ª£t cao t·ªëi ƒëa 90cm c√≥ 3 m√†u ph√π h·ª£p b√© trai, b√© g√°i",2096b1162bc5f8a8dbdfa92e5a1a78a1
9069739923,48184967,"Kh·∫©u trang cho b√©  üíñCOMBO 60 CHI·∫æCüíñ Kh·∫©u trang tr·∫ª em 3D kh√°ng khu·∫©n t√°i s·ª≠ d·ª•ng ƒë∆∞·ª£c, TOGABO",a625a1735a8ea89f0fa253c5e491c974
7657735874,189459138,N∆∞·ªõc hoa Johnson's Baby nhi·ªÅu m√πi h∆∞∆°ng 50ml,7c4e0c2a69b1595e51d5f333186d4d0e
7534645889,154429296,"Ch·∫≠u X√¥ng H∆°i V√πng K√≠n Ph·ª• n·ªØ Sau Sinh G·∫•p G·ªçn G·∫Øn b·ªìn c·∫ßu Ti·ªán L·ª£i k√®m V√≤i x·ªãt, B√¥ x√¥ng h∆° ph·ª• khoa s·∫£n ph·ª•",8e548dd27977b5cfbf432794cc48d7e4
1638974411,45117875, Mi·∫øng l√≥t th·∫•m s·ªØa Mameyo (B·ªãch 100 Mi·∫øng),f53c1d47b0b9791cd1951a4701f0cd98
5383585731,2561951,"TƒÉm b√¥ng Aten 100% b√¥ng t·ª± nhi√™n an to√†n cho b√©, c√≥ tem ch·ªëng h√†ng gi·∫£ 100 que",c19489658faa7544079183e2133f217c
6422138282,171163961,"Khay Tr·ªØ,H·ªôp Tr·ªØ ƒê√¥ng Lo·∫°i 1 NgƒÉn 60 - 80ml Ti·ªán D·ª•ng Cho M·∫π v√† B√© GoodBabyVn",752fb3f9236037297a24e0d3bab42268
933861672,27394285, B·ªòT L√Å TR·∫¶U KH√îNG (D·∫†NG T√öI L·ªåC),1f75891b0fde3dda78836e645e32e0b7
9249824469,431544029,[M√£ SKAMPUSH11 gi·∫£m 10% ƒë∆°n 200k] Tinh D·∫ßu Th·∫£o D∆∞·ª£c C·ª≠a S·ªï V√†ng,ca944c2384e98a396bf2017fea613ee0
2449836718,158872204,"M√°y Nghe Ti·∫øng ·ªín Tr·∫Øng (m√°y white noise t·∫°o ti·∫øng ru gi√∫p b√© ng·ªß ngon, s√¢u gi·∫•c) Shop B·ªë Soup",b8d4008ee965dcb3991144c675663383
7642862420,237355222,"M√°y xay ƒëa nƒÉng HATTIECS 0.3L, m√°y xay ƒÉn d·∫∑m cho b√©",9b7bcd93c880359c5b7dda44834da458
3116844862,27394285,"L√Å X√îNG - T·∫ÆM TH·∫¢O D∆Ø·ª¢C GI·∫¢I C·∫¢M, PH·ª§C H·ªíI C∆† TH·ªÇ, TƒÇNG S·ª®C ƒê·ªÄ KH√ÅNG",c13698e878fae9f8777b630785eeb7f5
4068800971,73588552,"G·ªëi √¥m b√† b·∫ßu ch·ªØ U v·∫£i nhung cao c·∫•p, g·ªëi b·∫ßu h√∫t ch√¢n kh√¥ng - M·∫π Min's Shop",6fdadcc0e240858e8321137021a8963d
2400065665,326484,"B·ªâm Yubest üçíFREESHIPüçí T√£ YUBEST Gold / Night / Angel / Natural / CAO C·∫§P qu·∫ßn/d√°n S132, S90, M108, M84, L96, L78",5db4c6b763b5e2b548c110629067cbe0
2402579806,148045025,S·ªØa b·ªôt Pediasure 1.6kg h∆∞∆°ng vani,788fe524fa95071af1302960f6101b42
2763382691,6201480,(CH√çNH H√ÉNG) ƒê·ªãu em b√© ch·ªëng g√π Aixintu Forbaby cho be 0-36 th√°ng,6d5bbc48ee9c382029e58b85885d5f47
124394136,422079,B·ªàM D√ÅN/QU·∫¶N MOONY C√ÅC SIZE Nb90/S84/M64/M58/L54/L44/XL38/XXL26,fa1aa98ded97038493533afbe41d8abe
6653726176,63521925,T√£ qu·∫ßn Bobby - ƒê·ªám th·∫•m l∆∞ng m·ªì h√¥i Mega Jumbo M124/L108/L111/XL96/XXL88,96e47e9098f360e5b413da1cd0e12b49
7048356368,158872204,Ti Gi·∫£ BIBS ƒêan M·∫°ch Ch√≠nh H√£ng Cho B√© K√®m N·∫Øp Tr·ª©ng Ho·∫∑c H·ªôp ƒê·ª±ng Shop B·ªë Soup,12a864241b2c6768867957d417276e1a
11807007842,279409835,N√∫t b·ªãt ·ªï ƒëi·ªán ch·ªëng gi·∫≠t ch·ªëng ch√°y an to√†n cho b√©,0c3575d901fde6e1ae6cecfee6726675
3674542904,236506242,KhƒÉn ∆∞·ªõt c·ªìn Let-Green 50 mi·∫øng,8f62074bbab5d60f0746af0cfdd7827f
6335814572,220764976,KhƒÉn s·ªØa x√¥ 6 l·ªõp r·ª≠a m·∫∑t lo·∫°i d√†y si√™u m·ªÅm m·∫°i cho b√©,d028d6518ec0a76e77c089d8bd60e224
2105279072,137406489,Thanh ch·∫Øn gi∆∞·ªùng baby number A 1.5m/1.6m/1.8m/2m,a2a99250099073d8e01e343efed05a22
5418865763,175398010,"B·ªãt ·ªï ƒëi·ªán cao c·∫•p gi·ªØ an to√†n cho b√© [M√†u s·∫Øc ƒë·∫πp, c√≥ quai th√°o ra d·ªÖ d√†ng]",11009e8a7d0a5b6850e77784a6da7ed5
441400315,4415945,T√∫i tr·ªØ s·ªØa Sunmum Th√°i Lan M·∫´u m·ªõi 100ml vaÃÄ 250ml,fff81d71cb877fd5c8dfc9e5666baf0a
2266164890,148045025,Th√πng 24 S·ªØa n∆∞·ªõc PediaSure 237ml/chai h∆∞∆°ng vani,348e8adc9460fabb713f9356ae17f66d
3440378853,10671741,B·ªâm Moony Natural üíùFREESHIPüíù Moony Natural N·ªôi ƒê·ªãa Ch√≠nh H√£ng - B·ªâm Moony D√°n/Qu·∫ßn ƒê·ªß Size NB63/S58/M48/L36/XL32,e94af06cac255dbe59603f7f734e2432
1349277642,71771174,B√ÅNH ƒÇN D·∫∂M PIGEON NH·∫¨T CHO B√â T·ª™ 6M+ (DATE 2022),e32b51f3033a3b30c747f781381dac6c
463313178,9083344,T√É D√ÅN/QU·∫¶N MERRIES N·ªòI ƒê·ªäA TH√äM MI·∫æNG ƒê·ª¶ SIZE S88/M68/ L58/ M64Q/L50Q/XL44Q,c301bb64f916ca0cfe2a2fa8a5ef1f57
4633516487,164990648,[GI√Å S·ªà[ kh·∫©u trang y t·∫ø 4 l·ªõp m√†u tr·∫Øng h·ªôp 50c,8cd386a85d8500e09dffbc074e91a622
776808179,11175504,(C·ªông Mi·∫øng -TC)T√£ D√°n/Qu·∫ßn Merries N·ªôi ƒê·ªãa Nh·∫≠t NB96/S88/M68/L58/M64/L50/XL44/XXL28/M58TC,06b38bcb54c1e5a7a3abdc9336af0dee
717620625,9447846,T√∫i Ng·ªß Cho B√© NOONON FREESHIP Cao C·∫•p C√≥ ·ªêng Tay Th√°o R·ªùi - 3 th√°ng-5 tu·ªïi -Qu·∫•n Ch≈©n -Nh·ªông Ch≈©n H√® Thu ƒê√¥ng M√£ TNHT01,744970bf978b120f492b6224f49aded5
5211219756,66283889, KhƒÉn v·∫£i kh√¥ ƒëa nƒÉng StayDry 300g h√†ng t√∫i zip,14462aaece463287c128250a2802ec12
6667976622,159410513,T√∫i tr·ªØ s·ªØa Sunmum ch√≠nh h√£ng an to√†n ti·ªán l·ª£i v·ªõi dung t√≠ch 250ml v√† 100ml,05e76ce54380824d0f3a2f4683a98902
5434437985,262019550,Ph·∫•n R√¥m Johnson's Baby Powder,27e1a8ce61d43d6c638d7c19d2e4f217
386214566,16280665," 10 khƒÉn x√¥ s·ªØa Kiba si√™u th·∫•m, si√™u m·ªÅm 2 l·ªõp 3 l·ªõp 4 l·ªõp",d018bb3100833af7a1277f08ed369b8b
1697502880,49125295,ƒê·ªãu em b√© ƒë·ªãu 4 t∆∞ th·∫ø ƒë·ªãu tr·∫ª em ƒëi xe m√°y an to√†n (R·∫∫ V√î ƒê·ªäCH),a6d88421c3420aeb32142fb6443f5b5f
7369665708,158872204,N√∫t B·ªãt ·ªî ƒêi·ªán Ch·ªëng Gi·∫≠t 2 Ch√¢n 3 Ch√¢n Cao C·∫•p Nh·ªè G·ªçn Ch·∫Øc Ch·∫Øn B·∫£o V·ªá An To√†n Cho B√©,9188f90cda3f1f3e23c05569c42f7645
8961385868,155229022,KhƒÉn Gi·∫•y Kh√¥/R√∫t ƒêa NƒÉng Cho B√© Mini Bear 4 L∆°ÃÅp 13*18CM*300t·ªù/1g√≥i Tr·∫ª Em B√© S∆° Sinh,5013875dfabcf1a9b91ce1e4dc690d27
9069427011,2601337,"KhƒÉn kh√¥ ƒëa nƒÉng baby Hi·ªÅn Trang (g√≥i ~200gr 145-150 t·ªù ) - KhƒÉn v·∫£i, gi·∫•y kh√¥ v·ªá sinh cho b√© [ babyboo]",81e7fde0427b13ce221767b0f1ad3116
4167024739,348260468, N∆∞·ªõc R·ª¨A B√åNH s·ªØa ARAU baby,fd7b49655f11dddc2f95c5a5c3dc1205
2092874834,139036748,(ƒê√£ K√®m C√°t)Tranh C√°t Tr·∫ª Em Cho B√© S√°ng T·∫°o,130d185ef409521a9a92434db8d6603b
164049538,16280665,KhƒÉn v·∫£i kh√¥ ƒëa nƒÉng Baby Hi·ªÅn Trang 300g g√≥i 250 t·ªù,a06095bdec3a48ea8018257924230c38
1715670331,109775770, KhƒÉn S·ªØa KiBa Si√™u M·ªÅm 2 L·ªõp 4 L·ªõp ( S√©t 10 Chi·∫øc),0a01b064c97c5cb78f754752653b8b5f
2399920315,140652311,Qu·∫ßn b·ªè b·ªâm riokids cao c·∫•p d√†nh cho b√© size 80 90 100 110,c70c6bf629b5390f002c8383cd4500e0
170992071,16280665,Y·∫øm x√¥ tam gi√°c 4 lop c√∫c b·∫•m cho b√©,fd01b5b29d424d5297a9ec283d7dc4aa
4352502942,310023358,"[M√£ LT20 gi·∫£m 20K ƒë∆°n 150K] Fysoline - N∆∞·ªõc mu·ªëi sinh l√Ω Ph√°p - V·ªá sinh m·∫Øt, m≈©i, mi·ªáng cho b√©",be5df99d97c96d72a71cc9f45e7fc0a0
2025391261,134743676,FS 50KüéÅ GH·∫æ RUNG NH√öN CHO B√â C√ì TH√ö TREO -M2,bf0491e94b444197a99c30254fb4cfbd
395545304,19109433,B·ªôt ƒÉn d·∫∑m RIDIELAC Vinamilk ƒê·ªß V·ªã ( h·ªôp gi·∫•y 200g ),4c645e8cbe3c483dbaa6119f8f5710a0
7138915051,159410513,B·ªãt ·ªï ƒëi·ªán an to√†n cao c·∫•p v·ªõi quai ƒëeo an to√†n ph√≤ng tr√°nh ƒëi·ªán gi·∫≠t cho em b√©,67a91664983fb41314544146bda7dfdb
2574261751,63522286,T√£ d√°n Moony Natural si√™u cao c·∫•p NB63/S58/M46/L38,0bbc954f67b7817717eb687d80a42231
1629747512,50359861,Qu·∫ßn b·ªè b·ªâm 6 l·ªõp H√†ng Vi·ªát Nam cao c·∫•p Goodmama d√†nh cho B√© 5-17KG,5fe870d852bda3e243286fa23fb39ca5
5048955255,212425402,G·ªëi B·∫ßu C√°nh Ti√™n Cao C·∫•p N√¢ng ƒê·ª° B·ª•ng H·ªó Tr·ª£ Gi·∫£m ƒêau L∆∞ng Cho M·∫π B·∫ßu,0dfe7774dece8d927d7e71848024dd73
2574299348,63522286,T√£ qu·∫ßn Moony Natural si√™u cao c·∫•p M46/L36/Xl32,e44b73b6a3528b90bb3a2203cd056cea
1521952707,6368162,"S·ªØa Hikid Vani, Socola, Premium, D√™ tƒÉng chi·ªÅu cao ƒë·ªß v·ªã 600-700g Date m·ªõi",2581cca322b5a1b86b0726ec89c69a06
12433892151,80267699,"Bao Tay Ch∆°i Game ff, Pubg, Li√™n Qu√¢n.... GƒÉng tay ch∆°i game Ch·ªëng M·ªì H√¥i, Si√™u Nh·∫°y, Co Gi√£n C·ª±c T·ªët B·∫±ng S·ª£i Carbon",616b9ebaea39724b8bb1905c63b6a4d1
11859453588,447624079,"Tai Nghe Bluetooth 5.0 TWS | Kh√¥ng D√¢y C·∫£m Bi·∫øn V√¢n Tay, Ch·∫•t √Çm √äm, Trong Tr·∫ªm Th·ªùi L∆∞∆°ng Pin T·ªët",2ff107e87f7cdff2a4a93d48bf6f0fbd
13426778611,254946744,Tai nghe bluetooth b·∫£n pro t·ª± ƒë·ªông k·∫øt n·ªëi ph√π h·ª£p m·ªçi d√≤ng m√°y k·∫øt n·ªëi ·ªïn ƒë·ªãnh pin tr√¢u,eb49688650606b3bdb51e9dfa147c2a9
9537573477,412021904,"B·ªô b√†i ‚ÄúL√≥i hay L√®m‚Äù <Truth or Dare> [ƒê·ªòC QUY·ªÄN] Mang ƒë·∫øn s·ª± th√∫ v·ªã, t·∫°o c∆° h·ªôi t√¨m hi·ªÉu v√† g·∫Øn k·∫øt t√¨nh b·∫°n | KIN COI",ee558388c811a6d3364926b753850f3c
10033483585,390877573,"Bao Tay Ch∆°i Game ff, Pubg, Li√™n Qu√¢n... GƒÉng tay ch∆°i game Ch·ªëng M·ªì H√¥i, Si√™u Nh·∫°y, Co Gi√£n C·ª±c T·ªët B·∫£o H√†nh 12 Th√°ng",7c06fe5fd7632ccf9a64be2078a24732
6663065268,95303264,Loa Bluetooth di ƒë·ªông LG XBOOMGo PN1 - H√†ng ch√≠nh h√£ng,b0eee7f0c51d92ef4c2324dc086e4699
10816187265,481522972,"Tai nghe bluetooth AMOI F9 TWS 5.0 b·∫£n Qu·ªëc t·∫ø kh√¥ng d√¢y c·∫£m ·ª©ng ch·ªëng n∆∞·ªõc IPX5, ch·ªëng ·ªìn t√≠ch h·ª£p s·∫°c d·ª± ph√≤ng 2500mAh",a20395a741241ad0ab5749747f814727
5705978986,151988008,D√¢y ƒêeo Silicon M·ªÅm Cho ƒê·ªìng H·ªì Th√¥ng Minh Apple Watch Series 1 2 3 4 5 6 SE 38mm 40mm 42mm 44mm Series 7 41mm 45mm,9fcf40896e3fbf71f9298500bf2eeef1
11916848007,464571186,Sticker d√°n ƒëi·ªán tho·∫°i b·∫±ng kim lo·∫°i d√πng ƒë·ªÉ trang tr√≠ cho Apple Iphone Android c√≥ th·ªÉ b·ªè v√≠,cfa0fda682baa2230823df5a27992eb2
6543227866,258024661,"Combo Loa ƒê√†i Craven nghe th·∫ª nh·ªõ, USB, FM, M√°y nghe nh·∫°c mini T·∫Øm Ng√¥n Ng·ªØ Caraven CR 853/836s",86e2018ac3e72febd9af9b30e1eb82d5
8565366699,430813674,Jack chuy·ªÉn ƒë·ªïi tai nghe ch√≠nh h√£ng baseus type-c sang c·ªïng 3.5mm baseus l54 vinhphukiendienthoai,ec15ee0a010b397048e57b29d1f0fe73
6495455298,22079422,B·ªçc card h√£ng boardM (SLEEVE BOARDM),f24e3186c27794adba706c0b84cf9cd2
2450128642,80018432,"Loa Bluetooth Kh√¥ng D√¢y C·∫ßm Tay Charge 3 Mini Nghe Nh·∫°c Hay, H·ªó Tr·ª£ C·∫Øm Usb Th·∫ª Nh·ªõ Tf Nh·ªè G·ªçn Gi√° R·∫ª",72eafd4578c983f8b711fe9ce6b55488
5935855780,51294060,"GƒÉng tay ch∆°i game MeMo, Shezi s·ª£i b·∫°c 24 kim cao c·∫•p",be8df6cb8592846907c04155b88d2d7f
2649759846,139462608,"M√°y nghe nh·∫°c mp3 BTS-t·∫∑ng tai nghe, d√¢y s·∫°c-ch·ª©c nƒÉng FM, ghi √¢m, xem ·∫£nh, ƒë·ªçc s√°ch",1df9fc038592cc7c960ced7bb31eed30
1501977075,65169534,REMOTE ƒêI·ªÄU KHI·ªÇN TIVI SAMSUNG 4K SMART CONG (L∆ØNG ƒêEN-KH√îNG VOICE-GI√Å TH∆†M),fd0fbdbedc120d9171bea50e1bf211c5
4612274592,212328072,Gi√° Treo Tivi LED h√†ng cao c·∫•p  C·ªë ƒê·ªãnh S√°t T∆∞·ªùng T·ª´ 19 ƒê·∫øn 65 Inch K√®m ·ªêc V√≠t,26709ba94858449a3316fdd2a8de9206
8262676172,118562397,B·ªô 2 GƒÉng Tay Cho Ng√≥n Tay B·∫±ng V·∫£i D·ªát Kim Ch·ªëng M·ªì H√¥i Cho Tay C·∫ßm Ch∆°i Game,cac25d7bab869c2d8b2a55e6ec1445fe
5207367519,125123054,"M√∫t ti√™u √¢m, c√°ch √¢m 40x40 - d√†y 3cm /t·∫•m",dd155dbd9f78f2c0610d829ae37a3361
6742040289,16660657,Mi·∫øng d√°n d·∫ªo skin PPF Apple Watch ph·ª•c h·ªìi tr·∫ßy x∆∞·ªõc size 38 40 42 44 41 45mm - MAC SHOCK,18ab27f849baf59fc4f3bccbc6c62d85
6355243879,289347117,ƒêi·ªÅu khi·ªÉn Tivi SONY Smart Internet-Model TX300P,b6a40af920f1498e0f29948458f3bcb1
8165870944,63637734,Set 2 GƒÉng B·ªçc Ng√≥n Tay Ch·ªëng ƒê·ªï M·ªì H√¥i Khi Ch∆°i Game,01f2049f0ceca0e7f321536e84610560
4960533489,47279031,"GƒÉng tay ch∆°i game Mobile - Ch·ªëng m·ªì h√¥i tay, tƒÉng ƒë·ªô nh·∫°y c·∫£m ·ª©ng",189be4a586b2a60609d95587230b73ec
8445870748,403757454,d√¢y n√° cao su latex 2 l·ªõp cao c·∫•p 1.2mm d√†i 25cm,8d6f5cb926046fcdfc0e9178db0c0f79
2909763099,81202224,M√°y nghe nh·∫°c MP3 dung l∆∞·ª£ng 32GB h·ªó tr·ª£ th·∫ª nh·ªõ TF ti·ªán d·ª•ng,4c08971d6a0a9d3099e19bc6d78cc543
3649745925,98675023,Android TV box MXQ PRO 4K Android:10.1 ƒê√£ c√†i s√£n xem truy·ªÅn h√¨nh tr√™n 200 k√™nh YouTube Facebook,f3cd07c05655904a516eed1ed748e597
6955462614,306791771,"D√¢y ƒëeo cao su Miband 4, miband 3 ch√≠nh h√£ng Mijobs - d√¢y ƒëeo cao su thay th·∫ø cho mi band 4/3",1bb641a7b99d3faa2ec6ae20a79c3edf
2871430541,96482228,Tai nghe bluetooth kh√¥ng d√¢y Inpods i12 TWS n√∫t c·∫£m ·ª©ng √¢m thanh HIFI c√≥ mic ƒë√†m tho·∫°i,05197606e84f2e0ee488a540f1c4f6e6
12808396964,468192708,üíûCH√çNH H√ÉNG üíûƒê√†i Radio/Cassette-FM üíû √Çm Thanh To R√µ N√©t-B·∫Øt S√≥ng C∆° D·ªÖ D√πng T√≠ch H·ª£p ƒê√®n Pin-S·∫°c ƒêi·ªán-Th·∫ª NH·ªõ-USB BH 6T,ac1acfe6ad4c542a2f53c9188bf38b4b
5681461887,169840280,[M√£ SKAMPUSH11 gi·∫£m 10% ƒë∆°n 200k] Collagen Xanh Aqua Samsung Vita Collagen Aqua T√°i t·∫°o- Ph·ª•c H·ªìi L√†n Da,95c2d8a41fefe3f41935f45852c19b03
7613738966,116694161,MOSFET 80NF70 N-CH 80A 70V TO220 Th√°o M√°y,7c81202bbd1c5aed47a72cd3d263488f
2149122460,36364207,D√¢y ƒêeo Cao Su Thay Th·∫ø Cho Xiaomi Miband 3 Miband 4 Ch·∫•t L∆∞·ª£ng Cao,abbe036cc3fb6986c4b5b6d44072d0d8
2368033385,131085332,"[M√£ SKAMPUSH11 gi·∫£m 10% ƒë∆°n 200k] Android Tivi Box Magicsee N5 Max phi√™n b·∫£n 2020 - Ram 4GB, Rom 32Gb, Android 9.0 ( C√≥",4aa41161edb180a0e3070cf24ff4a300
9441860828,389608034,Loa m√°y t√≠nh vi t√≠nh mini laptop LED ƒë·ªÉ b√†n bass gi√° r·∫ª LUVIBA LO46,225b99809e58333d84faf03f0b48401a
8085561817,232085619,"Bao Tay Ch∆°i Game ff, Pubg, Li√™n Qu√¢n.... GƒÉng tay ch∆°i game Ch·ªëng M·ªì H√¥i, Si√™u Nh·∫°y, Co Gi√£n C·ª±c T·ªët  B·∫±ng S·ª£i Carbon",75d834735941161016d38998e6a2a6a8
5568796655,348906155,B·ªô bao 2 ng√≥n tay chuy√™n d√πng ch∆°i game mobile ch·ªëng m·ªì h√¥i tay b·∫±ng s·ª£i carbon,05e036d2aa434697560aaa5c5e6b0e08
6092149783,7669738,Tai nghe nh√©t tai c√≥ d√¢y U19 gi·∫Øc c·∫Øm 3.5mm t√≠ch h·ª£p micro ch·∫•t l∆∞·ª£ng cao d√†nh cho ƒëi·ªán tho·∫°i - Awifi Case L3-2,90dbd37684a0e5824ecd52e2f4a6a904
7140479475,280466193,"D√¢y ƒëeo cao su Mi band 5, miband 6 ch√≠nh h√£ng Mijobs - d√¢y ƒëeo cao su thay th·∫ø mi band 6, miband 5 (Mijobs)",11e55456ffd583b6ad97e93e4d8e4f52
10920827000,208411050,[t·∫∑ng tai nghe ch√≠nh h√£ng] B·ªô livestream K300 model 2021 Micro thu √¢m ISK AT100,73e9d3ec36b2a546dd62bdb669541971
10616632471,208411050,B·ªô mic h√°t karaoke livestream online ch·∫•t l∆∞·ª£ng cao - soundcard K300 + mic BM900,f4fe0eaff98dd1a6d536ec05e4371227
4458547443,320361938,ƒêoÃÇÃÄng HoÃÇÃÄ Nam N·ªØ Si√™u ThoÃÇng Minh T500 Series 6 (Thay D√¢y - Thay H√¨nh N·ªÅn - C√†i M·∫≠t Kh·∫©u - C√≥ Game - Tr√†n Vi·ªÅn,d35db188e8f7ad9daf89525614c446ea
3108896014,184366067,"Loa bluetooth kh√¥ng d√¢y , loa nh√† t·∫Øm ch·ªëng th·∫•m n∆∞·ªõc nh·ªè g·ªçn ti·ªán d·ª•ng _ t·∫∑ng k√®m sticker ƒë·∫πp d·ªÖ th∆∞∆°ng",8d8a7c975ead0e32d4a8a57d8107b954
3455339457,289347117,Remote ƒêi·ªÅu Khi·ªÉn Tivi LG Smart Ng·∫Øn,3c57cc9bc874d2768712aff7bc2e38ca
1035205656,11970788,M√°y PSP 3000 (Full game PSP/PS1/GBA/NES/SNES/GAME TH√ôNG) + ƒê·ªß Ph·ª• Ki·ªán,d569ead73ebf1730ac96598debbd4e46
9337143207,93963889,V√≤ng ƒêeo Tay Th√¥ng Minh HUAWEI Band 6 | Theo D√µi SpO2 C·∫£ Ng√†y | M√†n H√¨nh Tr√†n Vi·ªÅn,593cc861ce963553c82271ba8d3cef09
4315288075,14730676,[HCM] D√¢y 2 ƒë·∫ßu Jack loa 3.5 chuy·ªÉn tai nghe phone th√†nh loa v√† mic m√°y t√≠nh / g·ªôp audio v√† mic 3.5 ra tai nghe,beb219943f184e15be8b7610080856ee
5940651232,316956,M√°y ch∆°i game Nintendo DSi ( kho 2000 game free),d55eeae2024d7d5ae9eb745beaf1cacb
4067208085,224631880,"Jack chuy·ªÉn ƒë·ªïi tai nghe 3.5 sang Audio & Mic d√πng tr√™n laptop m√°y t√≠nh, C√°p Chia 3.5mm( ƒëen ƒë·ªè)",85b86074d00a571e140f296f7d69288a
4409797880,37520580,C∆∞·ªùng l·ª±c VsMart LIVE/Live 4/Joy 4/Joy 3/Active 3/Joy 2+/Joy 1+/Active 1/Active 1+/Star/Star 3/Star 4/Star 5/Aris pro,30b08ebbfe51f3f240de5fb3eaf38c6f
8259506577,37520580,·ªêp silicon Tom Vsmart Star 5/Live 4/Joy 4/Joy 3/Active 3/Live/Joy 1+/Joy 2+/Active 1+/Star 3/Star 4/Active 1/Aris/Joy 1,8b8c41750718d3403ab4d358285746cb
5940363179,261662303,D√°n ppf cao c·∫•p m·∫∑t Apple Watch cho Apple Watch ƒë·ªìng H·ªì Th√¥ng Minh iWatch 1/ 2/ 3/ 4/ 5/ 6/ SE Size 38mm 40mm 42mm 44mm,ce7df13e28cc31b2940377bd53c78196
3164449324,260981475,C√°p Chuy·ªÉn ƒê·ªïi Tai Nghe C·ªïng USB Lo·∫°i C Sang C·ªïng 3.5mm Cho iPhone Android,60e11140e5578598c6fba17ea89dc1d3
9720257346,29696606,"Gi√° ƒê·ª° ƒêi·ªán Tho·∫°i D√°n T∆∞·ªùng, K·ªá D√°n T∆∞·ªùng ƒê·ªÉ ƒêi·ªÅu Khi·ªÉn Tivi, ƒêi·ªÅu H√≤a, K·ªá D√°n T∆∞·ªùng ƒê·ªÉ Remote",d12a0bdd55168584eb10a05f6233bfee
3515368824,116694161,Diode Xung HER508 5A 1000V Lo·∫°i D√¢y (Ch√≠nh H√£ng MIC),534fc46798a145bec7cb0b6a98f8c4d8
5135508708,95677581,D√¢y chuy·ªÉn ƒë·ªïi tai nghe 3.5mm sang 2 c·ªïng 3.5mm cho √¢m thanh audio v√† mic Gutek J01,2595fe515e08c59e3d28982c7ec66418
9579756474,128698009,[T·∫∂NG TAI NGHE CH√çNH H√ÉNG] B·ªô mic h√°t karaoke livestream ch·∫•t l∆∞·ª£ng cao - soundcard K300 +MICRO BM900,88f5f3e35c2ed1ce79739de7eb7f641b
5258235728,95944622,"ƒê·ªìng H·ªì Th√¥ng Minh Nam, N·ªØ T500+ Pro Series 6 iWatch ( Thay D√¢y - Thay H√¨nh N·ªÅn ) - Cam K·∫øt B·∫£o H√†nh Ch√≠nh H√£ng 3 Th√°ng",7a7a304cee78ddabd43e319b2deec073
9762615923,173989530,"Gi√° D√°n T∆∞·ªùng ƒê·ªÉ ƒêi·ªán Tho·∫°i,Remote ƒêi·ªÅu Khi·ªÉn,·ªî C·∫Øm,Gi√° ƒê·ª° S·∫°c ƒêi·ªán Tho·∫°i Treo T∆∞·ªùng K·ªá ƒê·ª±ng ƒê·ªì D√°n T∆∞·ªùng ƒêa NƒÉng VN2021",c9e1a4b9b98bfc2aead04771693401b4
11353896796,128698009,[t·∫∑ng tai nghe] B·ªô livestream K300 model 2021 Micro thu √¢m ISK AT100 ƒëi k√®m ch√¢n k·∫πp l·ªçc,e244bf62acac6581fd015d8821ecc3f0
989404831,11970788,M√°y Ch∆°i Game Nintendo 3DS (Kho Game 5000+) ƒê·∫ßy ƒê·ªß Ph·ª• Ki·ªán,e80782a7812496f2bc6d71fdbf220c43
12940840318,250407001,B√¨nh N∆∞·ªõc 2L C√≥ V·∫°ch B√°o Gi·ªù U·ªëng N∆∞·ªõc - Ch·∫•t Li·ªáu An To√†n - Ch√≠nh H√£ng TopBody - T2-BNGYM04,950fff0320ed68c6f55d98ba85a9e701
13628292310,69779405,"[ Freeship HCM ] KhƒÉn lau m·∫∑t kh√¥ ƒëa nƒÉng d√πng 1 l·∫ßn m·ªÅm m·∫°i ƒëa nƒÉng Animerry, khƒÉn t·∫©y trang",3e652e374e167156d4e6c83252a15558
11960822532,210089851,"ƒê·∫ßu l·ªçc n∆∞·ªõc t·∫°i v√≤i, L·ªçc n∆∞·ªõc t·∫°i v√≤i, 6 t·∫ßng l·ªçc",f5deb209e45d9e456b2be1a76f23d70c
4558611128,305173609,"KhƒÉn m·∫∑t kh√¥ Chillwipes d√πng 1 l·∫ßn lau kh√¥, lau ∆∞·ªõt - Gi·∫•y lau m·∫∑t d√πng m·ªôt l·∫ßn",6454e68e2dd55f586ee0719feb4150cd
5645006563,281298437,  L·ªç hoa th·ªßy tinh trong - B√¨nh hoa decor trang tr√≠ d√¢y gai vintage decor,175c4906e1223ed066fccb2c294b2270
3128848850,135364709,"[ H√†ng Ch√≠nh H√£ng ] ƒê·ªìng h·ªì LED 3D treo t∆∞·ªùng, ƒë·ªÉ b√†n th√¥ng minh TN828 Smart Clock",32940a873571b4302c3b0ea8afe3912d
3742934958,39228338,"B·ªô Nh·∫£ Kem ƒê√°nh RƒÉng T·ª± ƒê·ªông, K·ªá ƒê·ªÉ ƒê·ªì Ph√≤ng T·∫Øm Cao C·∫•p ( T·∫∑ng K√®m Mi·∫øng D√°n )",2cb82a1081411c1509d8b683d1098b9d
2793985169,174699083,Hoa gi·∫£ ‚ù§Ô∏è Hoa tulip gi·∫£ PU cao c·∫•p ‚ù§Ô∏è Hoa Decor trang tr√≠ nh√† c·ª≠a Lizflower,55eb0560cb06d9f86e21addfaa4e70f6
3461062779,286850546,MaÃÄn chuÃ£p t∆∞Ã£ bung ƒëiÃânh vu√¥ng Ki√™ÃÄu Phi - M√¢ÃÉu muÃÄng chuÃ£p t∆∞Ã£ bung ng∆∞∆°ÃÄi l∆°ÃÅn ch√¥ÃÅng mu√¥ÃÉi g√¢ÃÅp goÃ£n ti√™Ã£n duÃ£ng,89b31a082fb9c083b8ad1afa7d6aba07
6134731365,195687181,KhƒÉn tr·∫£i b√†n caro ch·∫•t li·ªáu PVC kh√¥ng th·∫•m n∆∞·ªõc d√πng l√†m ph√¥ng n·ªÅn ch·ª•p ·∫£nh picnic d√£ ngo·∫°i,bcc8c023584537fbd172646f54b57249
2976176425,442278825,"Ly th·ªßy tinh, c·ªëc th·ªßy tinh cao c·∫•p ƒë·∫ø l·ªìi Heodecor C03, ly r∆∞·ª£u ngo·∫°i h·ªça ti·∫øt hi·ªán ƒë·∫°i",df6aceba90fb7b8f2f89821f24eea1e0
9945677187,399418136,"m√≥c qu·∫ßn √°o , m√≥c √°o nh·ª±a vai n·ªØ to d√†i 40 cm m·∫Øc √°o vai n·ªØ chuy√™n d√πng cho shop th·ªùi trang gia ƒë√¨nh treo qu·∫ßn √°o gi√° r·∫ª",070a620ae42aedc16dc1da4064ab583d
4264662133,264095143,  In ·∫¢nh 6x9 Gi√° Si√™u R·∫ª Ch·ªâ 1k 1 ·∫¢nh ƒê√£ √âp Plastic tr√†n vi·ªÅn- In t·ª´ 40 ·∫£nh tr·ªü l√™n,578663637414bbe17e6981a3d5d81241
5143723005,272333943,Mu·ªëi s·∫•y Ng·ªçc Y·∫øn ƒê·ªìng Th√°p Th∆°m Ngon Cay Cay,18cfffc1a02b2b8f2a38c21004e251ba
111530813,12325354,M≈© Tr√πm ƒê·∫ßu Nilon Tr√°nh ∆Ø·ªõt T√≥c,a7144fd70bad4c49fee7a83098fe1377
1519463599,90579459,"1 t·∫•m S√ÄN NH·ª∞A GI·∫¢ G·ªñ keo s·∫µn 91,44cm x 15,24cm d√†y 2mm (HN & HCM)",59bb27ed7ee41f959dfc0d910a755966
8252105638,261895227,W&G Th√πng r√°c mini ƒë·ªÉ b√†n trang tr√≠ ƒë·∫πp th√πng r√°c l·∫≠t,3ec4845dd1ffbfc207dbcc732a27f7a4
6940854407,86826375,In ·∫£nh 6x9 1k/t·∫•m √©p plastic tr√†n vi·ªÅn,3eb03da4e7fe06854ba3484ae578f124
2275531301,9786279,B·ªô 10 ƒë√¥i ƒë≈©a nh·ª±a phong c√°c Nh·∫≠t B·∫£n d√πng ƒÉn c∆°m cao c·∫•p kh·∫£m v√†ng ch·ªãu nhi·ªát ch·ªëng tr∆°n t·ªët h∆°n ƒë≈©a g·ªó ph·ª• ki·ªán b√†n ƒÉn,d8e0423fb8455b80185d526c5db3e79b
2224362492,93309729, Ru·ªôt g·ªëi ƒë·∫ßu b√¥ng g√≤n cao c·∫•p VANDA L√µi b√¥ng kh√°ng khu·∫©n nhi·ªÅu k√≠ch th∆∞·ªõc,0716f78f29360016f2e4e095a3606a84
6176953844,126690772,N∆∞·ªõc R·ª≠a Ch√©n Pinto Th√°i Lan 450ml (Giao m√†u ng·∫´u nhi√™n),8da8b4655e277c968be2296ce8a10f76
1736723798,52699822,"Th·∫£m nh·ª±a l√≥t s√†n nh√† , simili tr·∫£i s√†n v√¢n g·ªó nh√°m nhi·ªÅu m·∫ßu",e408afc54cb80396dbd9b3a3bf2d96b3
7265336148,331600304,C·ªëc ƒëo l∆∞·ªùng dung t√≠ch 20/30/50/250/500/1000ml,2b8a7f6de90a3f5d695984289feb6266
4808681471,58702853,B·ªô chƒÉn ga cotton Tici cao c·∫•p phong c√°ch H√†n Qu·ªëc ƒë·ªß size ƒë·ªß m√†u (kh√¥ng k√®m ru·ªôt),30da4096b54aed6682ea7620168a4a84
4695916064,252833869,Ch·ªïi C·ªç Nh√† V·ªá Sinh B·ªìn C·∫ßu Toilet B·∫±ng ƒêi·ªán B√†n Ch·∫£i L√†m S·∫°ch V·ªá Sinh Nh√† T·∫Øm Kh√¥ng D√¢y K√®m V·ªõi 4 ƒê·∫ßu Thay Th·∫ø Ti·ªán L·ª£i,1b1b06715097a5483a0782041d9c5d69
4742884383,272338127,"Mix 10 b√≥ng trang tr√≠ sinh nh·∫≠t, trang tr√≠ ti·ªác c∆∞·ªõi",72aea2610b8a727da327673070a5e34f
5061177396,331451451,Chai x·ªãt r·ªóng trong su·ªët nhi·ªÅu k√≠ch th∆∞·ªõc ti·ªán d·ª•ng,2571d83b15bdc6ed363b2e1d1b2b9c79
4444594886,173989530,"C√¢y LƒÉn B·ª•i ƒêa NƒÉng ( L√¥ng ƒê·ªông V·∫≠t, S·ª£i V·∫£i, ƒê·ªì Da, ChƒÉn N·ªám, Gh·∫ø Salon...)",bd42607b9ca7f41792c444c5064155f8
2197198241,133592356,T√∫i l∆∞·ªõi ƒë·ª±ng ƒë·ªì gi·∫∑t c√≥ d√¢y kh√≥a k√©o,c7fd7c36824f29463e081f1abc12a5c7
8918990047,264722469,‚ö°M√†n ch·ª•p t·ª± bung‚ö° M√πng ch·ª•p g·∫•p g·ªçn ƒë·ªß k√≠ch th∆∞·ªõc 1m2/1m6/1m8/2m2 - H√†ng Vi·ªát Nam ch·∫•t l∆∞·ª£ng cao,9c3a3408e941f4ad8b3b429b15b4d04f
3821671206,91378892,"KhƒÉn t·∫Øm xu·∫•t kh·∫©u H√†n Qu·ªëc Cloud 9 Towel - Si√™u d√†y si√™u th·∫•m n∆∞·ªõc, 100% cotton",a4517ac2c3dff4b210562bc38483b3e2
7660528419,252386387,Bong b√≥ng m√†u b√°nh macaron xinh x·∫Øn d√πng ƒë·ªÉ trang tr√≠ ti·ªác,3e07638a8d13e0f877fd94df3fb2f849
5836412415,67957871,C√¢n ti·ªÉu ly ƒëi·ªán t·ª≠ nh√† b·∫øp mini ƒë·ªãnh l∆∞·ª£ng 1g - 5kg l√†m b√°nh ƒë·ªô ch√≠nh x√°c cao k√®m 2 vi√™n pin AAA,0f7a458a80181f6cca713a2d6c0e8689
6064040867,51039571,"B·ªô ga g·ªëi üíñm6/m8üíñ drap gi∆∞·ªùng poly, ga tr·∫£i gi∆∞·ªùng + 2 v·ªè g·ªëi n·∫±m ƒë∆°n gi·∫£n An Nh∆∞ Bedding",ee56ae216a05277a22ea6e9f2b875428
9766293559,465096875," Hoa Gi·∫£ - Hoa H·ªìng L·ª•a Havi cao c·∫•p (65cm) trang tr√≠ nh√† c·ª≠a, n·ªôi th·∫•t,c·ª≠a ti·ªám,...",cb81bea90305055b2764b24a87ee7bfc
8103810159,339760602,"ƒê·∫•t n√©n h·ªØu c∆° m·ª•n s∆° d·ª´a b√°nh l·ªõn ƒë√£ x·ª≠ l√Ω d√πng tr·ªìng rau c·ªß qu·∫£, hoa c·∫£nh",fe92ea8207dd7eb7f6c73f4de7e65fc2
4336992350,255135287,"[BAO GI√Å TO√ÄN S√ÄN] R·ªî B√ÄO RAU C·ª¶ ƒêA NƒÇNG C·ª±c k·ª≥ ti·ªán l·ª£i, kh√¥ng lo ƒë·ª©t tay, gi√° v√¥ ƒë·ªãch, bao ƒë·ªïi tr·∫£",10a66b74d54613e2666fa939569206b1
8304351226,293690281,T√∫i th∆°m treo t·ªß qu·∫ßn √°o ch·ªëng n·∫•m m·ªëc ch·ªëng c√¥n tr√πng,4fb15e0c6f2f5dbe5eed69e4363e1a7f
3460555602,107707847,( S·∫µn H·ªôp Qu√† T·∫∑ng Set 4) N·∫øn Th∆°m Hoa Kh√¥ Thi√™n Nhi√™n CH·ªåN H∆Ø∆†NG,636c039f370a9b4bc62c3c846512a076
13007893344,204107021,R·ªï nh·ª±a ch·ªØ nh·∫≠t ƒë·ª±ng ƒë·ªì k√®m ch·∫≠u,d96e643e693e061b9619bca1238b6499
9425535028,357983994,B√°t ƒê·ª±ng Th·ª©c ƒÇn ƒêa NƒÉng Ti·ªán D·ª•ng B·∫±ng Ch·∫•t Li·ªáu L√∫a M·∫°ch Th√¢n Thi·ªán V·ªõi M√¥i Tr∆∞·ªùng,8480e1b4ead71bff5396d6e6e94d05be
1356343577,7702661,N·∫°o ti·ªán √≠ch 2 trong 1,6b6d1c1d2d66e3b8172177d545483f22
7066147872,107707847,N·∫øn Th∆°m Th∆∞ Gi√£n Kh√¥ng Kh√≥i Cao C·∫•p Aroma Menahem,7e6851aaf2dab6fd339ca36b09429afe
7722311477,9322385,Thanh ngang k·ªá g·ªó treo t∆∞·ªùng gi√° xu·∫•t x∆∞·ªüng gi√° 1 thanh t·∫∑ng k√®m v√≠t √¢m t∆∞·ªùng,c33946b561a35c70668840a76e8142cd
5781292130,327887078,S√©t 8 ƒêƒ©a L√∫a M·∫°chüçìFREESHIPüçìB·ªô ƒêƒ©a L√∫a M·∫°ch H√≥t 2021,75e2b4aabd30de195556cc50577ae74b
9658694863,45917738,[M√£ SKAMPUSH11 gi·∫£m 10% ƒë∆°n 200k] üöõMI·ªÑN PH√ç SHIPüÜì K·ªá ƒêa NƒÉng K·ªá G·ªó T·ªï Ong Nhi·ªÅu T·∫ßng L·∫Øp Gh√©p Ti·ªán D·ª•ng,35dd24cf07a0b02330ebb1ed1773099a
9317086105,32154530,"V·ªâ Nh·ª±a L√≥t S√†n Ban C√¥ng 3T-Eco - T·∫•m L√≥t S√†n Ban C√¥ng, Ch·ªëng Tr∆°n Nh√† T·∫Øm, B·ªÉ B∆°i, S√¢n V∆∞·ªùn, S√¢n Th∆∞·ª£ng",0b7191a5046e8f26d887ecdc03518cb2
4777272448,202048557,"Combo 3 h·ªôp v·∫£i ƒë·ª±ng b·∫£o qu·∫£n ƒë·ªì l√≥t, khay ƒë·ª±ng qu·∫ßn √°o t·∫•t v·ªõ b·∫±ng v·∫£i kh√¥ng d·ªát ti·∫øt ki·ªám di·ªán t√≠ch 6, 7, 24 ngƒÉn",77dfd42985351709c2dfa6e6a1b10d3b
2886197796,160305556,"[X·∫¢ KHO 3 NG√ÄY] ·ªêng H√∫t Inox 304 th√©p kh√¥ng g·ªâ, t√°i ch·∫ø s·ª≠ d·ª•ng, th√¢n thi·ªán m√¥i tr∆∞·ªùng",e10c7382c77cd07674c2b5d4ab2eda9b
653777174,22156385,"ƒê·ªám Ng·ªìi B·ªát Size L·ªõn Th√™u Vi T√≠nh, ƒë·ªám l√≥t gh·∫ø Vu√¥ng (B√¥ng Tr·∫Øng C·ª±c √äm)",b40af851b18bfd8791bb43ede6361883
10458147970,554839596,"(T·∫∂NG M·∫∂T N·∫†) KhƒÉn lau m·∫∑t d√πng 1 l·∫ßn lau kh√¥, lau ∆∞·ªõt, KhƒÉn gi·∫•y ƒëa nƒÉng, B√¥ng t·∫©y trang Cotton Pads 222 m·∫øng",b62180df3edd84a3769acb44a8cc0c6d
7957660831,78803638,[M√£ SKAMPUSH11 gi·∫£m 10% ƒë∆°n 200k] G∆∞∆°ng trang ƒëi·ªÉm 2 m·∫∑t ƒë·ªÉ b√†n xinh x·∫Øn xoay 360 ƒë·ªô,7fbaea63ba43957a8af274da3d6f4462
1705519600,52699822,"ƒê·ªám ng·ªìi b·ªát tr√≤n, n·ªám l√≥t gh·∫ø vu√¥ng 40x40cm c√≥ d√¢y bu·ªôc",6238acbc7d06e29c3f3e8179cc326546
5436151500,137746483,B·ªô 4 k·∫πp ga gi∆∞·ªùng drap ch·ªëng x√™ d·ªãch,ebc7559551a487e306337d8ad06322fc
1174108467,68168505,"[TR·ª¢ GI√Å] Tinh d·∫ßu M·ªôc Nhi√™n nguy√™n ch·∫•t c√≥ ki·ªÉm ƒë·ªãnh nhi·ªÅu m√πi 10ml, treo xe, k·∫πp ƒëi·ªÅu h√≤a: Tinh d·∫ßu S·∫£ Chanh, B·∫°c H√†",a8feaf25160fdeec741d2c01232c63b1
4449676764,31166746,"KHAY NH·ª∞A CH·ªÆ NH·∫¨T, R·ªî NH·ª∞A A4 B5 NH·ª∞A VI·ªÜT NH·∫¨T CH·ªà C√ì M√ÄU TR·∫ÆNG",805233e7db21d98a78196218e9088275
11007820062,78989450,c√≥ s·∫µn B√°t c∆°m Gia ƒë√¨nh d·ªÖ th∆∞∆°ng,1b527b615c1f8df2f90f97e17ff75118
4981297219,363034222," C·ªëc g·∫•u d√°n t∆∞·ªùng ƒë·ª±ng b√†n ch·∫£i ƒë√°nh rƒÉng, c·ªëc g·∫•u n√¢u ƒë·ª±ng kem ƒë√°nh rƒÉng Master Store",566ce981e78e89ed2c929bf85553ff38
4684160242,32915930," B·ªô Thau R·ªï Nh·ª±a ƒë·ª±ng rau c·ªß qu·∫£, th·ª±c ph·∫©m r√°o n∆∞·ªõc cho gia ƒë√¨nh",72c5abcc40c444a6dd24c9b3c24bb57e
6918299710,65636806,R·∫ª v√¥ ƒë·ªãch) X·∫£ kho gi√° g·ªëc b·ªô ga g·ªëi poly cotton,f0ff5c28fbf42946776d16f1504ed446
3838143193,59638522,"Gi√° ƒë·ª° Laptop , Gi√° k√™ MacBook , Ultrabook ch·∫•t li·ªáu b·∫±ng nh√¥m ƒëi·ªÅu ch·ªânh ƒë·ªô cao , ch·ªëng m·ªèi c·ªï, d·ªÖ g·∫•p g·ªçn",c4146c350bffa2f7e9843f5e95507c46
3034642043,338344025,"T√∫i Ch·ªëng S·ªëc Laptop Macbook Ultrabook Cao C·∫•p 13.3 Inch, 14 Inch, 15 Inch, 15.6 Inch, 16 Inch - T√∫i ƒë·ª±ng laptop nam n·ªØ",0ca4ebf299efb9ae02b76f7a4d1140ed
3640119704,275629993,21 Lo·∫°i Gateron Switch | Ph·ªï Bi·∫øn Nh·∫•t Th·∫ø Gi·ªõi | Gateron Milky - RGB SMD | Akko | Jwick | D√πng Cho B√†n Ph√≠m C∆° | VCK,727bc675f721bad19ae4bf34116508f2
3947807313,160305556,"[M√£ ELFLASH3 ho√†n 10K xu ƒë∆°n 20K] Mi·∫øng l√≥t chu·ªôt, B√†n di chu·ªôt h√¨nh tr√≤n 20 x 20cm Gi√° R·∫ª si√™u d·ªÖ th∆∞∆°ng",06ce20ced2b2ea83829cfa9f5a5d35ee
8247653415,55772165,"M√°y in Nhi·ªát Mini C·∫ßm Tay Bluetooth - M√°y in ·∫£nh, in t√†i li·ªáu, in ho√° ƒë∆°n, in nh√£n d√°n, in kh√¥ng c·∫ßn m·ª±c, BH 3 Th√°ng",ef437c9ecd405e9706a0b3c3f8fa12f3
5946253051,12208293,"B√†n Ph√≠m C∆° M√°y T√≠nh Crack K2 PRO Led RGB 10 Ch·∫ø ƒê·ªô Kh√°c Nhau, Ch∆°i Game D√πng VƒÉn Ph√≤ng C·ª±c ƒê√£",e418a1847d6e48dc5a7c3df9f6d48068
7048805087,91101190,T·∫•m silicon ph·ªß b·∫£o v·ªá b√†n ph√≠m k√≠ch th∆∞·ªõc 10.0/12.0/14.0/15.0 inch cho Macbook,0dab8c2bc4db11e1d0d1c5e8f9273603
7857401923,166333877,Chu·ªôt kh√¥ng d√¢y GOOJODOQ Bluetooth 2.4Ghz 2 trong 1 ch·∫•t l∆∞·ª£ng cao,a24fcdd0ba2f86776f238a6a510dea14
5549419416,302220855,"L√≥t chu·ªôt, b√†n di chu·ªôt h√¨nh tr√≤n 20x20 cm ch·ªëng tr∆∞·ª£t, ch·ªëng th·∫•m n∆∞·ªõc",3ece40e59d230831280944808478ffee
2322623466,78740491,[H√†ng ch√≠nh h√£ng] B·∫£ng v·∫Ω ƒëi·ªán t·ª≠ Gaomon 1060Pro b·∫£n m·ªõi b·∫£o h√†nh 12 th√°ng,12fbfe742de6bd90317dfbba239184de
9600468488,338344025,"B·ªô v·ªá sinh Laptop, Macbook JRC 5 m√≥n ch√≠nh h√£ng. BoÃ£ÃÇ duÃ£ng cuÃ£ veÃ£ÃÇ sinh Laptop, ƒêi·ªán tho·∫°i, M√°y ·∫£nh, M√†n h√¨nh - Macbox",62b187da2767ccf6f311ac7f42ad03a8
7168814235,228841194,B√†n Ph√≠m M√°y T√≠nh Laptop Inphic V520 Thi·∫øt K·∫ø Sang Tr·ªçng C·ª±c K√¨ B·∫Øt M·∫Øt,9d6ffb68042d2b3903b6d93af13fd7a0
6029514761,114282642,Chu·ªôt Kh√¥ng D√¢y M√†u H·ªìng / ƒêen/ X√°m/ Xanh ng·ªçc Forter V182 - H√†ng Ch√≠nh H√£ng,b03d0a92da9550674de0ac7fa6dd4765
5277501208,376012490,L√≥t chu·ªôt c·ª° l·ªõn 80x30cm chuy√™n game ch·ªëng tr∆°n tr∆∞·ª£t si√™u b·ªÅn si√™u r·∫ª,37b14e65ad239c6b39e6390f3fec3f56
2708264078,167961044,"Gi·∫•y in nhi·ªát Shoptida 1000 t·ªù A6 10*15cm 3 l·ªõp t·ª± d√°n ch·ªëng n∆∞·ªõc, s·ª≠ d·ª•ng cho m√°y in nhi·ªát Shoptida SP46",886417d30b38b96b4dbca8c14f89c927
1546899006,93922606,B·ªô B√†n Ph√≠m Gaming c√≥ d√¢y K√®m Chu·ªôt M√°y T√≠nh Con B√°o C√≥ LED 7 M√†u ·∫§n T∆∞·ª£ng,e26394e62abc77979e3870d3e2126a33
4307539581,67884462,"Ram laptop 4gb DDR3L ho·∫∑c DDR3 bus 1600, 1333 v√† 1066 d√πng cho laptop, v√† c√°c lo·∫°i kh√°c, b·∫£o h√†nh 3 nƒÉm",c94121a62700af29b2ccb4cf72b12bb1
2607566525,167961044,"M√°y in nhi·ªát Shoptida SP46 in ƒë∆°n h√†ng, phi·∫øu g·ª≠i, minicode, logo t·ª± d√°n, b·∫£o h√†nh 12 th√°ng",97b3b916d3807a21a0b444705bedde8d
6859147169,268182642,Chu·ªôt kh√¥ng d√¢y Bluetooth t·ª± s·∫°c pin SIDOTECH Inphic M1P kh√¥ng ti·∫øng click s·∫°c 1 l·∫ßn d√πng 4 tu·∫ßn cho Laptop macbook PC,8a3a868f90e6a1083a873e95619524da
3837782640,129627711,[M√£ SKAMA8 gi·∫£m 8% ƒë∆°n 300K] ·ªêp b·ªçc b·∫£o v·ªá s·∫°c Macbook ƒëa nƒÉng 3 trong 1 k√®m b·ªô cu·ªën b·∫£o v·ªá ch·ªëng ƒë·ª©t g√£y ƒë·∫ßu d√¢y s·∫°c,bccdd102db2bfa560c95c7d59f77ff7e
4744201341,129627711,Gi√° ƒë·ª° laptop stand nh√¥m h·ªó tr·ª£ t·∫£n nhi·ªát c√≥ th·ªÉ g·∫•p g·ªçn ch·ªânh ƒë·ªô cao ƒë·ªÉ laptop ipad macbook surface N3 D103 Vu Studio,32e6374d69e791ad2f7e58eb43fe981f
980292487,58138428,"M·ª±c ƒë·ªï m√°y in - Lo·∫°i in ƒë·∫≠m v√† si√™u n√©t canon 2900,3300,3050....Hp 400,2035,2055,402",2a628c2f1b91c07009185806a742aba4
1332835063,79056336,"B·ªô k√≠ch s√≥ng wifi 3 r√¢u Mercusys (wireless 300Mbps) c·ª±c m·∫°nh,k√≠ch s√≥ng wifi",32c033e2dc9a91d098ba69fa3c5c022b
4250061502,94457263,Usb B·∫£o h√†nh 5 nƒÉm 128g 64gb 32gb 16gb 8gb 4gb 2gb nh·ªè g·ªçn Dtse9 Dt101 Cz33 U202 l∆∞u tr·ªØ t√†i li·ªáu c√¥ng ty nh·∫°c phim √¥ t√¥,11b52242f27fde319f118c76985490fc
1826473478,84335786,"COMBO 5in1 Case, ·ªêp + Ph·ªß ph√≠m cho Macbook ( T·∫∑ng K√®m N√∫t Ch·ªëng B·ª•i + B·ªô k·∫πp ch·ªëng g√£y s·∫°c )",128227db52267d1f2832c1ec33097bf2
4529462759,148048328,M√¥ ƒêun S·∫°c Pin Lithium C·ªïng Type-c/Micro/Mini USB 5V 1A 18650 TP4056 V·ªõi Ch·ª©c NƒÉng B·∫£o V·ªá K√©p 1A Li-ion,1c2d2230f9c786c1240911e8b7889ec1
5873954476,88201679,"Apple MacBook Air (2020) M1 Chip, 13.3-inch, 8GB, 256GB SSD",575e04c0e1d08b5f1b9f624a8d6b1419
9811188980,376012490,"L√≥t chu·ªôt, b√†n di chu·ªôt 20x20 cm ƒëa h√¨nh ch·ªëng tr∆∞·ª£t, ch·ªëng th·∫•m",8ef18ac6a4d76b34aba15c92c99e9c05
5540049862,275629993,10 V√≤ng Oring Gi·∫£m ·ªín B√†n Ph√≠m C∆° | D√†y 1.5mm Hi·ªáu Qu·∫£ Nh·∫•t | V√≤ng Cao Su ƒê·ªám Keycap | VCK,648746ad7137370fe74fb2095807f840
10008314348,357915542,Webcam m√°y t√≠nh c√≥ mic full hd 1080p full box si√™u n√©t d√πng cho pc laptop,abd352a92cd05670332f7d353c19d6ac
6119182310,44258592,·ªî c·ª©ng SSD Indilinx 120Gb |Ch√≠nh h√£ng|BH 36T,71ea49cad25bb7397c6276e3ca1937d0
6659249165,212759213,"Th·∫ª T·ª´ NFC NTag215 T·∫ßn S·ªë 13,56Mhz D√πng Ghi D·ªØ Li·ªáu B·∫±ng ƒêi·ªán Tho·∫°i",35c3ece435196ae19038b3b7319feb07
1521362996,50967402,"[8 M√†u] Combo 5 In 1 ·ªêp Macbook, Ph·ªß Ph√≠m C√πng M√†u (T·∫∑ng N√∫t Ch·ªëng B·ª•i, K·∫πp Ch·ªëng G·∫´y S·∫°c)",607ab6285e734a0b2bcc090568c987fa
5007418026,97021464,[ T·∫∂NG L√ìT CHU·ªòT ] B·ªô b√†n ph√≠m k√®m chu·ªôt m√°y t√≠nh - b√†n ph√≠m Gi·∫£ C∆° Con B√°o G21 PRO 2021 C√≥ LED 7 M√†u ·∫§n T∆∞·ª£ng,f75ababcb702cfd3e242b6c343e3bb84
6543093454,258485617,"Usb Kingston 3.0, 3.1, 2.0 64gb/ 32gb/ 16gb/ 8gb/ 4gb thi·∫øt k·∫ø nh·ªè g·ªçn, v·ªè kim lo·∫°i, ch·ªëng n∆∞·ªõc",70d2af26fbb7daaada85f0a5c6c60947
825222380,37922119,Keo t·∫£n nhi·ªát CPU laptop / maÃÅy tiÃÅnh keo L·ªç - Xi Lanh l√†m m√°t CPU m√†u x√°m - v√†ng lo·∫°i t·ªët,249d9d66ec4e4ecae0146220b508fb07
6401781006,177448719,Thi·∫øt B·ªã Chuy·ªÉn ƒê·ªïi Quang ƒêi·ªán 1 S·ª£i Media Converter 1FO 1Q 1LAN 100Mbps Netlink HTB-3100AB,14acbe51b2d3d38aac5e3938b94ff707
10411854580,340216642,"[CH√çNH H√ÉNG, H√ÄNG C√ì S·∫¥N ] B·∫£ng v·∫Ω ƒëi·ªán t·ª≠ Gaomon 1060Pro - 10x6 inch,8192 c·∫•p ƒë·ªô l·ª±c, ƒë·ªô nh·∫°y cao, ƒë·ªô tr·ªÖ th·∫•p",d322fc070ecfb8c82e49dc47256ae35b
7114494723,131989706,Caddy Bay ‚ö°Free Ship ‚ö° SSD SATA 3 9.5mm /12.7mm - Khay ·ªï c·ª©ng thay v·ªã tr√≠ ·ªï DVD,3e791343408db82b4980c0ca96c51670
2479251815,43471671,B·∫£ng v·∫Ω ƒëi·ªán t·ª≠ Gaomon 1060 Pro,fd9f1dab4d38c40725e053661ef4702f
7964416768,342071906,"B·ªô ph√°t wifi TPLink 2 r√¢u, C·ª•c ph√°t s√≥ng wifi TPLink lo·∫°i kh√° ƒë·∫πp 300Mbps",cd3b6772137f8bfa0871ebf59cead450
5862890241,107305051,D√ÇY M·∫†NG NGO√ÄI TR·ªúI B·∫§M S·∫¥N,37765666a2fd04e8edfc091e037f4378
400490662,9413963,B·ªò V·ªÜ SINH LAPTOP 4 M√ìN - Dung d·ªãch l√†m s·∫°ch,67b0e1054408651f8b61d75354ded6f0
1583441759,84335786,Mi·∫øng d√°n m√†n h√¨nh HD cho Macbook ( t·∫∑ng b·ªô khƒÉn l√¢u v√† h·ªó tr·ª£ d√°n m√†n chuy√™n nghi·ªáp ),7549d55f2c9536cd589e2ed3443200cf
1916061062,106661386,Caddy Bay HDD SSD SATA 3 9.5mm/12.7mm - Khay ·ªï c·ª©ng thay th·∫ø ·ªï DVD,1c05a4b8e62aad307a2413f662c161c6
8742562741,1520892,M√†n H√¨nh M√°y T√≠nh Full Vi·ªÅn Cong LCD 24'' StartView 24FHCV75 FullHD 75Hz Gaming,c86702420d84767c8412792f0e336b18
4349271407,10686816,T√∫i ch·ªëng s·ªëc LAPTOP LO·∫†I D√ÄY t·ª´ 10 inch -> 17 inch,666e4f2e1eb6c9267a5598ae4040aef9
11304064981,435879793,"Gi√° ƒë·ª° laptop,ipad, macbook, k·ªá ƒë·ª° m√°y t√≠nh nh√¥m cao c·∫•p k√®m t√∫i ƒë·ª±ng, h·ªó tr·ª£ t·∫£n nhi√™t, g·∫•p g·ªçn",db37be658c0d120adda34a74f55bd1c0
1036024433,37528463,"b·ªô ph√°t wifi tplink , c·ª•c ph√°t wifi tplink 2 r√¢u wr 842N gi√° r·∫ª",3efdeaae1a7fe0b5854e640f26fb82b7
5840165431,275629993,6 Lo·∫°i Akko CS Switch | Pack 45 Switch Fullbox | T√¢n Binh Gi√° R·∫ª | L·ª±a Ch·ªçn Thay Th·∫ø Gateron & Jwick | VCK,684ae50134192eda060f2253a5c8d8ec
624957731,3558160,Chu·ªôt kh√¥ng d√¢y Forter V181 b·∫£o h√†nh ƒë·ªïi m·ªõi trong 6 th√°ng,ab70e98d19332116a5df41ce435bfd83
7688269656,357915542,L√≥t chu·ªôt c·ª° l·ªõn pad chu·ªôt freeship chuy√™n game si√™u b·ªÅn ƒë·∫πp b·∫£o h√†nh 1 nƒÉm LC1,246e36f2ec65af77b8e1e8808b5875f8
12906738464,522556700,"M√†n h√¨nh m√°y t√≠nh Glowy 19 inch(GL19), m√†n h√¨nh PC thi·∫øt k·∫ø nh·ªè g·ªçn 1440x900 , 60-75Hz ,16,7 tri·ªáu m√†u - BH 12 Th√°ng",2c4e560f544080a1b0869f2d6e5ed346
1008271666,50967402,L√≥t Ph·ªß B√†n Ph√≠m Cho Macbook (US),af7a8e1541bd1dd072e84831d03942c3
4840645608,275629993,Jwick Linear Switch Lubed 105-205 | L·ª±a Ch·ªçn Thay Th·∫ø Gateron & Akko CS | Jwick Red | Jwick Yellow | Jwick Clear | VCK,8ec05df7f804a3ed870ced8715364802
5919256443,168934313,Combo 10 V√≤ng ƒë·ªám Oring gi·∫£m ·ªìn cho b√†n ph√≠m c∆°,32806f974c818a8fdc4579c79dc27ed9
1726969576,40850068,Mi·∫øng l√≥t chu·ªôt Logitech gi√° si√™u r·∫ª (22 x 18cm),9bc6385dc205e6f38ef775326a2d5c56
3092480671,86399874,"Webcam m√°y t√≠nh laptop livestream c√≥ Mic Full HD PC Gaming 720P High Solution , B·∫£o h√†nh 12 th√°ng",b5df89b03e9201fecc4990ed64777f7a
5064075036,333792863,Gi√° ƒë·ª° laptop b·∫±ng g·ªó h·ªó tr·ª£ t·∫£n nhi·ªát t·ª± nhi√™n,4adbb5bb3ab835ba2fd95bd501acc18d
5786012812,268182642,HUB Type C v√† HUB USB 3.0 t·ªëc ƒë·ªô cao SIDOTECH c·ªïng chia usb m·ªü r·ªông k·∫øt n·ªëi chuy·ªÉn ƒë·ªïi cho Macbook Laptop PC,1476ecc2034fb7da68666233f1dec973
13146459465,426947870,S√°p Wax L√¥ng An L√†nh ( T·∫∑ng 50 T·ªù Gi·∫•y V√† Que Wax ).,f1d8d763f57f6bb3eb350336252b2315
12946772260,426947870,M·ª° TrƒÉn Tri·ªát L√¥ng An L√†nh 50ML [ T·∫∑ng Tinh D·∫ßu 5ML ].,29df5cafcdb5a77380fcd6610020bc2d
7905082799,194571464,B√∫t d∆∞·ª°ng vi·ªÅn m√≥ng OPI,6a590e713cf69ca320f249f698240af1
13246448219,426947870,Wax L√¥ng An L√†nh ( T·∫∑ng 50 Gi·∫•y v√† 2 Que Wax ),c101a75f6a4d5ff5c290354291381940
4845283842,14032605,L√¥ cu·ªën t√≥c H√†n Qu·ªëc l√µi nh√¥m 12cm si√™u to d√†i t·ª± d√≠nh u·ªën m√°i d√†i c·ª° l·ªõn,23ff35bbe2dd597fbc8682e8b81877d2
2596059381,156756262,Keo Mxbon - Keo d√°n m√≥ng gi·∫£ Mxbon ch√≠nh h√£ng (7g),cbbd3d1a909c7250f2a0036fda742e94
6364386266,182631756,[M√£ COSFC30 gi·∫£m 10% ƒë∆°n 150K] Kem Che Khuy·∫øt ƒêi·ªÉm Focallure ƒê·ªô Che Ph·ªß Cao/ Ch·ªëng Th·∫•m N∆∞·ªõc/ Gi·ªØ M√†u L√¢u Tr√¥i 4.3g,641a74ad00cdf9ce1c65ae0cc1168532
11969595948,40816333,B√åNH X·ªäT B·∫¶U D·ª§C 50ml K√àM STICKER V√Ä M√ìC TREO TI·ªÜN D·ª§NG - ƒêA NƒÇNG (DIY),8a2d5061bb0bba21d18d7b0adff805f5
7840410677,65228227,X·ªãt kh√≥a trang ƒëi·ªÉm c·ªë ƒë·ªãnh l·ªõp make up Star Flash Spray 8 Hours Wear 100ML Sena Beauty,99c2cc7edbc6c16894db5b246130e2bb
7502654188,182631756,[M√£ COSFC30 gi·∫£m 10% ƒë∆°n 150K] Ph·∫•n ph·ªß FOCALLURE trang ƒëi·ªÉm n·ªÅn v·ªõi 3 m√†u t√πy ch·ªçn 7g,66db341f674db41d97ee9a94a0558f69
8534200041,182631756,[M√£ COSFC30 gi·∫£m 10% ƒë∆°n 150K] Ph·∫•n m·∫Øt d·∫°ng l·ªèng Focallure 5 m√†u nh≈© √°nh kim tuy·∫øn nhanh kh√¥ ch·ªëng n∆∞·ªõc l√¢u tr√¥i 1.5g,188203986888453ade452741ab691423
7525271507,210104545,Gel Gi·∫£m M·ª•n ·∫®n V√† Th√¢m Gamma Megaduo Gel 15 gram - T·ª´ H·∫£o,62a38e9f1a9862ee87db376d9d75feb5
7203083993,18582774,B√¥ng t·∫©y trang 222 mi·∫øng Lameila BTT222,e0f6fc2138dc1476d9e1889d47f789c0
3738201585,65228227,Ph·∫•n m√° h·ªìng Lameila g·ªëm Vitality Blush Sena Beauty,54d15d8a22608f92b1f83b30bf8db3c7
3016786811,244551815,MAANGE d·ª•ng c·ª• v·ªá sinh c·ªç trang ƒëi·ªÉm Ôºà50gÔºâ,b439005394c146e1c89199e180ccfeff
5102747712,182631756,M√∫t t√°n kem n·ªÅn FOCALLURE d·∫°ng gi·ªçt n∆∞·ªõc m·ªÅm m·∫°i ti·ªán d·ª•ng 20g/m√∫t,392e80b26fb8664975d9cc77114217c9
7002612682,182631756,[M√£ COSFC30 gi·∫£m 10% ƒë∆°n 150K] Ch√¨ k·∫ª l√¥ng m√†y FOCALLURE b·ªÅn m√†u kh√¥ng th·∫•m n∆∞·ªõc v·ªõi 3 m√†u t√πy ch·ªçn 1g,0d2fa7090aff8b04c6114707988bd9cb
10109428579,459159301,"Tinh D·∫ßu N∆∞·ªõc Hoa Code Deco Good Girl C√° T√≠nh, Ng·ªçt Ng√†o, G·ª£i C·∫£m 12ml - D·∫°ng X·ªãt Ti·ªán L·ª£i",23212edcf6ac20678af4c86e00e22db9
6502613129,182631756,[M√£ COSFC30 gi·∫£m 10% ƒë∆°n 150K] B√∫t k·∫ª m·∫Øt FOCALLURE ch·ªëng n∆∞·ªõc nhanh kh√¥ 0.6g,9009d3882c26a9c8ea960019f9cf1bbc
6783418181,385513181,Ch√¨ k·∫ª vi·ªÅn m√¥i Etude House m·ªÅm m∆∞·ª£t cao c·∫•p,043e22d96b4d0ea70c3053542fe14960
9216886846,37251700,B·ªô kem d∆∞·ª°ng l√†m d·ªãu l√†m m∆∞·ª£t l√†m m√°t v√† ph·ª•c h·ªìi l√†n da La Roche Posay Cicaplast Baume B5 Soothing Repairing Balm,610ceebabf8d03a3859d1d5a2904c8a4
1488183821,89960894,B·ªô dao c·∫°o n·ªØ v√† 2 ƒë·∫ßu dao Gillette Venus Comfortglide White Tea,289b69f691e43cfd6bea2f72bec5d14e
5502613677,182631756,[M√£ COSFC30 gi·∫£m 10% ƒë∆°n 150K] Kem b·∫Øt s√°ng/t·∫°o kh·ªëi FOCALLURE g·ªìm 4 t√¥ng m√†u t√πy ch·ªçn 6g,9693c88dc5ceaff9ce0c72f0cccb2589
4139040308,252404043,LANBENA m·∫∑t n·∫° ch√¢n chƒÉm s√≥c da t·∫©y da ch·∫øt  hi·ªáu qu·∫£ d∆∞·ª°ng ·∫©m 2-7 ng√†y 40g,b39f4990baecda122066f4591cc793cc
8204705884,351922288,"G√¥m x·ªãt t√≥c Butterfly Shadow 150ml 320ml 600ml Ch√≠nh h√£ng, G√¥m b·∫°c gi·ªØ n·∫øp t·∫°o ki·ªÉu nam n·ªØ GM01",9911d86cdb6dec4ba99fce7429ad2a67
580590482,37251700,"Kem d∆∞·ª°ng gi√∫p l√†m d·ªãu, l√†m m∆∞·ª£t, l√†m m√°t & ph·ª•c h·ªìi da ph√π h·ª£p cho tr·∫ª em La Roche-Posay Cicaplast Baume B5 40ml",d82f5bab64a68fac17c14badc720c645
3787589658,292075878,L√¥ng mi gi·∫£ SEVICH d√°ng ch·ªØ A d√πng n·ªëi mi,1962a342d44db004241888a109dbcf4a
2791079973,175753395,N∆∞·ªõc d∆∞·ª°ng t√≥c tinh d·∫ßu b∆∞·ªüi Cocoon gi√∫p gi·∫£m g√£y r·ª•ng & l√†m m·ªÅm t√≥c 140ml,89ba8e62e8103ca97de9524ff138f2bb
8291262783,65228227,T·∫©y da ch·∫øt m√¥i Heyxi Cafe 15G Sena Beauty,274777db25e87bbd10f776f126306111
4320602849,232843748,[M√£ SKAMPUSH11 gi·∫£m 10% ƒë∆°n 200k] Dung d·ªãch v·ªá sinh nam gi·ªõi d·ªãu nh·∫π l√†nh t√≠nh chai 80ml nh·ªè g·ªçn - LOLI & THE WOLF,c489421a7a0f5ba3b0ab1778bbb30735
8657096664,219492620,Son B√≥ng CAPPUVINI Daimanpu D∆∞·ª°ng ·∫®m Ti·ªán D·ª•ng Ch·∫•t L∆∞·ª£ng Cao,00b75ac83f6e6a215426163a0ed682a3
8360063551,182631756,B√∫t ch√¨ k·∫ª m·∫Øt Focallure ƒë·∫ßu m·∫£nh 1.7mm ch·ªëng th·∫•m n∆∞·ªõc l√¢u tr√¥i 1g,fc43c89f85b263fa883420f0264e7242
4056227426,182631756,[M√£ COSFC30 gi·∫£m 10% ƒë∆°n 150K] Ph·∫•n Ph·ªß FOCALLURE Trang ƒêi·ªÉm Gi√∫p Ki·ªÅm D·∫ßu T·ªëi ƒêa 10g,d460c86a3f13a764f89ed15da6df0cbf
4727569525,244551815,K·∫πp b·∫•m mi MAANGE chuy√™n d·ª•ng ch·∫•t l∆∞·ª£ng cao,85824d966bce673b87fc4f0b640581e6
2939804054,75940587,CH√âN N·∫§U S√ÅP CH·ªêNG D√çNH SILICON V·ªÜ SINH D·ªÑ D√ÄNG TI·ªÜN L·ª¢I,01553a6882bf9c8fa9b6e9b755c3b161
5786930889,225727557,Son D∆∞·ª°ng M√¥i Mediheal Labocare Pantenolips 10ml,879238360c95a00ba008247f19d9fa23
1802878322,77523532,[M√£ SKAMPUSH11 gi·∫£m 10% ƒë∆°n 200k] D·∫¶U G·ªòI KH√î GIRLZ ONLY 200ML,e6d001769850f15ef87e8b8904bc4cfb
7352030183,42479486,M√≥ng Tay Gi·∫£ Hin Nail H·ªôp 24 M√≥ng Gi·∫£ K√®m Keo,fbdcd3be6341cd59e6123a00560948d6
5881109221,399308439,L√¥ Cu·ªën T√≥c H√†n Qu·ªëc l√µi Nh√¥m 12cm si√™u to d√†i t·ª± d√≠nh u·ªën m√°i d√†i c·ª° l·ªõn hottrend (S·ªà SLL),4320f0af9f5a7080c590836493a68fe5
8434197313,292075878,B√†n ch·∫£i g·ªôi ƒë·∫ßu silicon m·ªÅm SEVICH c√≥ t√∫i khi b·∫£o v·ªá t√≥c v√† gi√∫p th∆∞ gi√£n da ƒë·∫ßu,7ba650fb66ae6be9b33cf064397af465
3443373675,64088849,Kem d∆∞·ª°ng da tay Maycreate m·ªÅm m·ªãn n·ªôi ƒë·ªãa Trung ch√≠nh h√£ng 30g,341fa49971b5803d679a8d325aba9f1c
6862829129,65228227,B·ªô c·ªç trang ƒëi·ªÉm make up c√° nh√¢n 8 c√¢y t·∫∑ng k√®m t√∫i zip Vintage Sena Beauty,cf3e0e2c070b1f0351fec174b78ee257
8712608423,373995526,"D·∫ßu G·ªôi Kh√¥ Batiste Dry Shampoo 200ml H·∫øt Ng·ª©a, H·∫øt B·∫øt D√≠nh T√≥c B·ªìng B·ªÅnh T·ª©c Th√¨",ee7da92b3063a713f5a694a1651e7b5c
9763078137,302719943,"Thu·ªëc t·∫©y t√≥c an to√†n kh√¥ng ƒë·ªôc h·∫°i buddyhairs t·∫∑ng k√®m gƒÉng tay , m≈© tr√πm ti·ªán l·ª£i.",ceb25199bf7d91796937406da1dc5ba3
4362139973,22823111,Combo son t·∫©y da ch·∫øt m√¥i C√† ph√™ ƒë·∫Øk l·∫Øk cocoon5g+son d∆∞·ª°ng m√¥i d·∫ßu d·ª´a b·∫øn tre cocoon5g,aa90a737e9d7385d98fb759375acfbc1
4820948390,95468740,"XiÃ£t th∆°m body mist Victoria Secret, Bath And Body Works h∆∞∆°ng n∆∞∆°ÃÅc hoa 36ML",5c21056082b8bc3d5ef123a68ba2e2b1
1269129981,39232661,S√°p D∆∞·ª°ng M√¥i H·ªìng Xinh Vaseline Lip Therapy Rosy Lip 7g,34ddea973d10ad74298ca58246df041e
11308214061,184366067,T·∫©y da ch·∫øt da ƒë·∫ßu JIORNIEE ki·ªÉm so√°t d·∫ßu nh·ªùn gi·∫£m b·∫øt t√≥c l√†m s·∫°ch chƒÉm s√≥c t√≥c t·∫°i nh√† Lylya Store,f357b88f94eae1a6f7dbfe7255bdca97
7251563153,74804504,K·∫πp u·ªën cong l√¥ng mi 3D b·∫±ng nh·ª±a ƒë·∫ßu vu√¥ng chuy√™n d·ª•ng MMT,7add863b6bbe14a689b19571a8186046
8413619619,375608219,G√≥i kem d∆∞·ª°ng da tay gi·ªØ ·∫©m gi·∫£m kh√¥ th√†nh ph·∫ßn t·ª´ qu·∫£ ƒë√†o,32ee0bf1d3d3f72c2a9e9f04b48f7c44
2723761583,22823111,N∆∞·ªõc d∆∞·ª°ng t√≥c tinh d·∫ßu b∆∞·ªüi(pomelo hair tonic)Cocoon 140ml,9df521cb7600332280e6b035adc1f4e6
5560040299,151371701,Kem l√≥t + kem BB + che khuy·∫øt ƒëi·ªÉm + m√∫t trang ƒëi·ªÉm O.TWO.O makeup set 136g,5de75de4aecb775a28133b4c1b2a0102
1171300253,1924117,D·∫ßu d∆∞·ª°ng t√≥c R3 Argan Hair Oil 100ml,8a213f911545aa6affc8fefe92287eaf
8655795517,219492620,Son M√¥i Maffick C√≥ G∆∞∆°ng D·∫°ng L·ªèng L·∫•p L√°nh D∆∞·ª°ng ·∫®m L√¢u Tr√¥i,9bedce9bc67e5d747b63449e2980caf5
7362120693,182631756,[M√£ COSFC30 gi·∫£m 10% ƒë∆°n 150K] Son kem Focallure M√†u Nhung S∆∞∆°ng L√¨ M·ªãn 16g,582668129c4b223ad13d8e0977d474c6
5431958910,244551815,B·ªô 13 C·ªç Trang ƒêi·ªÉm MAANGE Chuy√™n Nghi·ªáp,2d03d66a70a41232aa4978070567415d
1875043939,115570407,Gel t·∫©y t·∫ø b√†o ch·∫øt Rosette Peeling Gel Nh·∫≠t B·∫£n (No.1 Cosme),12bd7b47ea72b34f8a87fff8c243394c
7254565873,277411443,Son Kem Perfect Diary M√†u L√¨ T√¥ng M√†u C·ªï ƒêi·ªÉn L√¢u Tr√¥i 2.5g,aeaee056c83d4f285ef0ed14da4a34e9
2403837026,158647903,N∆∞·ªõc hoa h·ªìng Dear Klairs Supple Preparation Unscented Toner 180ml,0f212189b6a2df611b729e3ef6c82267
5012657584,193207976,[Ver Noir] Son Kem L√¨ Merzy The First Velvet Tint 4.5g,88d9f44437e993a3b052fb5f1778f729
8830708967,390113064,"In ·∫¢nh Polaroid, Film Theo Y√™u C·∫ßu - ·∫¢nh ƒê√£ ƒê∆∞·ª£c √âp L·ª•a B·∫£o V·ªá",1cdd1c829284aeb60d4f0abbe81a998d
1816046270,71306823,"Ch√¢n m√°y ·∫£nh, tripod Weifeng WT-3520, khung nh√¥m cao c·∫•p, t·∫∑ng k√®m k·∫πp ƒëi·ªán tho·∫°i",1c50625cd6f1e230654c4c50a4ab7935
2872323698,8171924,"T·∫•m h·∫Øt s√°ng, t·∫£n s√°ng 2 trong 1",92596326c1f90804931482c5bfa2ae0d
4431892311,38156246,Instax Mini 11 - M√°y ·∫£nh l·∫•y ngay Fujifilm - Ch√≠nh h√£ng BH 1 nƒÉm - T·∫∑ng k√®m 10 film,6fd22a7e2917bce3fe8ab26f38280597
725798375,18418359,T·∫•m h·∫Øt s√°ng tr√≤n 2 m·∫∑t ƒë·∫ßy ƒë·ªß k√≠ch th∆∞·ªõc 2 trong 1 v√†ng b·∫°c,d00d6f318450a21ba13dd93ba22dd561
1046666572,38156246,INSTAX MINI FILM - Vi·ªÅn Tr·∫Øng - Gi·∫•y in cho m√°y ·∫£nh l·∫•y li·ªÅn Instax Mini Fujifilm - Ch√≠nh h√£ng Nh·∫≠t DATE CAO,255849140b6554f809a49610607dd858
4517307773,142324082,100gr (1 l·∫°ng) g√≥i ch·ªëng ·∫©m (g√≥i h√∫t ·∫©m) lo·∫°i 1g/2g/5g/10g,818d50e17df5d53a29a6ab8644652655
2375914171,12127755,H·ªôp ch·ªëng ·∫©m m√°y ·∫£nh 10 l√≠t +qu√† t·∫∑ng,d9df4780cfb9850fc893ad62779406af
6408448242,131195741,T√∫i Baseus th√¢n c·ª©ng mini ƒë·ª±ng tai nghe/c√°p s·∫°c USB/th·∫ª nh·ªõ SD TF,8842e2d00175b67f3207f416b049e973
8410229664,65363449,"Pin Maxell AA , AAA cho camera m√°y ·∫£nh , m√°y ch∆°i game , chu·ªôt kh√¥ng d√¢y v√† d·ª± ph√≤ng h·∫øt ƒëi·ªán",0981563c3f0df087bd2d70fde1c4cb6b
5619149567,164964754,"Th·∫ª nh·ªõ 128Gb/64Gb/32Gb/16Gb JVJ Pro U3 Class 10‚Äìchuy√™n d·ª•ng cho CAMERA, ƒêi·ªán tho·∫°i, M√°y ·∫£nh,... t·ªëc ƒë·ªô cao 95Mb-140Mb/s",77ec4db71aeba112cecadd11423332c5
6177041419,151772730,"Pin Maxell 2A , 3A  cho camera thi·∫øt b·ªã ƒëi·ªán t·ª≠ chu·ªôt kh√¥ng d√¢y",b112dc11b5c7e289322f9933f2522621
7959222191,326186750,"Pin s·∫°c BESTON AA AAA, S·∫°c pin ch√≠nh h√£ng BESTON  (B·∫¢O H√ÄNH 1 NƒÇM)",d4e664ec0991859b492fec6b33a4a032
5820766106,233628620,"G√≥i H√∫t ·∫®m ƒê√≥ng T√∫i 1KG - Lo·∫°i G√≥i 1/2/3/5/10/50/100/200/500/1000gram Silica Gel - H·∫°t Ch·ªëng ·∫®m M·ªëc, Kh·ª≠ M√πi",9ec4355b4b4769a061978be32b360e5f
2223833055,22018518,M√°y ·∫£nh k·ªπ thu·∫≠t s·ªë mini 2.0 inch 1080P d√πng th·∫ª nh·ªõ Ng√¥n ng·ªØ Ti·∫øng Anh (c√≥ b·∫£o h√†nh),10b8803ea5ea0d314297063ceda228f5
2873072717,71001962,"Combo pin AA/AAA k√®m s·∫°c ho·∫∑c pin ri√™ng h√£ng Beston gi√° si√™u t·ªët, b·∫£o h√†nh 1 th√°ng | Mic kh√¥ng d√¢y, m√°y ·∫£nh, ƒëi·ªÅu khi·ªÉn",fcdbef1074f6e7c3f5ca1ade9deca6ac
2872356958,8171924,"T·∫•m h·∫Øt s√°ng, t·∫£n s√°ng 5 trong 1 nhi·ªÅu c·ª° 60cm/80cm/110cm",b1922812ebd1e0eeb64b87095e7eabf2
1939832443,12127755,H·∫°t h√∫t ·∫©m xanh 100g t·∫∑ng k√®m t√∫i v·∫£i,a980b17f9061ae1cc3073db425017710
7354761317,167562181,"Pin s·∫°c BESTON AA AAA, S·∫°c pin ch√≠nh h√£ng BESTON, B·∫¢O H√ÄNH 1 NƒÇM | Mic kh√¥ng d√¢y, m√°y ·∫£nh, ƒëi·ªÅu khi·ªÉn ( Pin 1.2V )",a01d01a58c4d04998a7c4bf140163419
9209847505,120339600,"Pin s·∫°c BESTON AA AAA, S·∫°c pin ch√≠nh h√£ng BESTON, B·∫¢O H√ÄNH 1 NƒÇM | Mic kh√¥ng d√¢y, m√°y ·∫£nh, ƒëi·ªÅu khi·ªÉn ( Pin 1.2V )",6e81ef7636a74b7297ae3450f0764dda
1257717612,55564549,"CAMERA IP YOOSEE 360, QUAN S√ÅT R√ï NG√ÄY V√Ä ƒê√äM, K√àM TH·∫∫ NH·ªö",f13d0b9dc01ae57c4e9874c7a6e697fc
2757970418,168581444,Combo Camera IP YooSee Ti·∫øng Vi·ªát V√† Th·∫ª Nh·ªõ 32Gb Yoosee Chuy√™n D·ª•ng,e105044420cef2042b02756f643f69c6
7270424424,13336311,"Th·∫ª nh·ªõ 1gb,2gb,4gb,8gb,16gb ...ch√≠nh h√£ng b√≥c m√°y!Th·∫ª ƒë∆∞·ª£c test k·ªπ, chu·∫©n dung l∆∞·ª£ng",96213e307e5738036ca2ed0cf7ae7187
5361864558,96492393,Pin AA v√† AAA s·∫°c t√°i s·ª≠ d·ª•ng ch√≠nh h√£ng b·ªÅn b·ªâ,fa4d1dd5180ef9420b6f1fb92ea827f2
8886921106,95944622,"ƒê√®n C·∫ßu V√≤ng Ho√†ng H√¥n 16 M√†u Tiktok, C·∫ßu V·ªìng, M·∫∑t Tr·ªùi, RainBow Hot Trend 2021 (H√†ng Ch√≠nh H√£ng)",9cf56c329cfeb8c5be3052d21f4fb180
969274966,12127755,T√∫i m√°y ·∫£nh gi√° t·ªët cho m√°y ·∫£nh m√°y quay,358782e5f51972ff42cd2e2d117f14f6
9867175387,348281160,"T·∫•m h·∫Øt s√°ng 24""/60cm 2 trong 1 m√†u v√†ng/ b·∫°c d√πng cho ch·ª•p ·∫£nh",c0a1afde1000916e7a66f0b37ddfc8b9
1143318204,38336192,V·∫¢I FILTER T·∫¢N S√ÅNG SOFTBOX CHO ƒê√àN M√ÅY QUAY FC-15 l√†m d·ªãu √°nh ƒë√®n s√°ng khi ch·ª•p ·∫£nh quay phim,ad286c373d1c4df8dd4c60c2d110a725
6541831664,284237962,"Ph√¥ng n·ªÅn ch·ª•p ·∫£nh 2 m·∫∑t 2 m√†u tr∆°n 55x85cm ch·ª•p ·∫£nh s·∫£n ph·∫©m, ph·ª• ki·ªán th·ªùi trang, m·ªπ ph·∫©m...",e1b303ee290a800306bdcef6c2a95bfe
3768099234,351628956,INSTAX MINI FILM - Vi·ªÅn Tr·∫Øng - Gi·∫•y in cho m√°y ·∫£nh l·∫•y li·ªÅn Instax Mini Fujifilm - Ch√≠nh h√£ng Nh·∫≠t DATE CA0,ca24a47b7c9c018568bcfa0e42151015
2284481315,151237226,‚úîÔ∏è GI√Å S·ªà - Keo 3M Keo 2 M·∫∑t Si√™u D√≠nh D√°n ƒê·∫ø Camera H√†nh Tr√¨nh,83aaaf5b560ef2e9360b2828536f240d
1443992302,65097772,Film Kodak 200 Kodak Colorplus 36 t·∫•m Date 2023 film 135 film 35mm,6104da3460a3b5c5aa2c53f5f0494a71
7677029536,154310113,"Pin Maxell AA , AAA cho camera thi·∫øt b·ªã ƒëi·ªán t·ª≠ chu·ªôt kh√¥ng d√¢y - Ph·ª• Ki·ªán Vi·ªát Nam",a080b76bb17e687f75a4638e31d83641
6709890697,120339600,Th·∫ª nh·ªõ MicroSDHC 64GB 32GB SanDisk Ultra Class 10 667x 100MB/s,6ae7c930e9604a1d00a4bfca5dfc6648
2961351154,149595849,[NOWSHIP] IN ·∫¢NH 6x9 THEO Y√äU C·∫¶U CH·ªà 1K T·∫∂NG √âP PLASTIC K VI·ªÄN,935feb09917aba54ac7f09b611709d97
7177041317,126885733,"Pin Maxell AA , AAA cho camera thi·∫øt b·ªã ƒëi·ªán t·ª≠ chu·ªôt kh√¥ng d√¢y - Pin kh√¥ng ch·∫£y n∆∞·ªõc",85e135964e24466226fc409188ce1246
2780261482,65097772,Fuji C200 36 t·∫•m date 2023 lo·∫°i 1 h·ªôp c√≥ 3 cu·ªôn fujifilm ISO 200,278ebf60e4495a77e562e65ddbb51290
1929857919,65524262,H·ªôp k·ªπ thu·∫≠t lo·∫°i ƒë·∫∑c bi·ªát ch·ªëng n∆∞·ªõc,5c9928dc43e457e3b4198062e1bb81d3
7740324768,15186977,"Jack ngu·ªìn DC ƒë·ª±c ,c√°i c√≥ d√¢y",4a899f0c66acd0f8552cad2ae4d21a47
4988463168,351426309,K√≠nh C∆∞·ªùng L·ª±c D√°n B·∫£o V·ªá Camera 2021 Cho Iphone 12pro Max 12pro Max 12mini 12pro,52b7ab23d2f5fa34e90469ae43108341
9960242591,141070457,ùêåùê®ÃÅùêú ùê§ùê°ùê®ùêöÃÅ ùêúùêÆùê®Ã£ÃÇùêß ùêüùê¢ùê•ùê¶ ùê¢ùêß ùêöÃâùêßùê° - m√≥c kho√° film in ·∫£nh made by lapthucollectionüåø (in ·∫£nh theo y√™u c·∫ßu),e003fb42b3ae0892ea9e58f5a7de91d0
3455204974,79187343,1 t·ªù - Gi·∫•y l·ªçc tr√≤n ƒë∆∞·ªùng k√≠nh 110mm (l·ªçc nhanh),658f2484a9f917870aa78cb4b15a1e8c
7396703364,95944622,"B·ªô S·∫£n Ph·∫©mƒê√®n C·∫ßu V√≤ng Ho√†ng H√¥n 16 M√†u Tiktok, C·∫ßu V·ªìng, M·∫∑t Tr·ªùi, Rain Bow C√≥ K√®m Remote",733784ef8839aefa95b36cd805140208
5338688368,275954723,"Ch√¢n ƒë·∫ø camera tr√≤n ƒëa nƒÉng l·∫Øp cho t·∫•t c·∫£ c√°c lo·∫°i cam WIFI, DOM",102c88ce70ef3adb8b188ecaf6410549
3737126552,199216729,KHAY G∆Ø∆†NG D·ª§NG C·ª§ ƒêEO LENS,4efe4646346996d2cf1273f2ffdb103a
402741549,8171924,K√≠nh L·ªçc Kenko UV - Kenko Filter UV,aa514e50de7e48a45021a520e14832f5
13708853039,129492673,KhƒÉn Lau Kh√¥ V√† C·ªìn ∆Ø·ªõt ƒê√°nh S·ªë 1/ 2 Lo·∫°i B·ªè B·ª•i B·∫©n L√†m S·∫°ch ƒêi·ªán Tho·∫°i Di ƒê·ªông/ M√°y T√≠nh B·∫£ng/ Pc/ M√†n H√¨nh Lcd,39cdc64a511b4b43aadca78d0336e12d
9332232354,363419620,"Jack DC ƒë·ª±c c√°i , BNC l√≤ xo, BNC F5, dc, Jack 12v n·ªëi ngu·ªìn camera, d√πng ch·∫ø c·∫•p ngu·ªìn c√°c thi·∫øt b·ªã t·ª´ 1 ƒë·∫øn 40v...",3014174c7be13cd4aa2c5d897e229a54
5040757372,281178173,"[Hot] G√≥i H√∫t ·∫®m ƒë√≥ng t√∫i 1KG lo·∫°i 1/2/3/5/10/20/50/100/500g Silicagel - H·∫°t ch·ªëng ·∫©m m·ªëc, kh·ª≠ m√πi",661dc7d817f3ec07c010a130e57ab3ee
3760986235,254182204,"KhƒÉn da c·ª´u nhung lo·∫°i m·ªÅm d√πng lau m√†n h√¨nh ƒëi·ªán tho·∫°i, v·ªá sinh lens, ·ªëng k√≠nh m√°y ·∫£nh ( l√†m t·ª´ da c·ª´u th·∫≠t )",20c5c5d854985a4e4748e49d45d7de02
7127581868,16461019,B·ªô 2 Pin Ki·ªÅm (d√πng 1 l·∫ßn) AAA ANKER Alkaline - B1820 b·ªÅn b·ªâ ch·ªëng r√≤ r·ªâ v√† an to√†n v·ªõi c√¥ng ngh·ªá PowerLock,5b296f6009a4087373bcc15bfa56a4f1
1469484642,63082962,H·ªôp 40 Vi√™n Pin Ti·ªÉu AAA/AA Maxell 1.5v,ee8584f79b624da4b516efa398e18be9
3985962726,423745943,"G√≥i h√∫t ·∫©m ƒë√≥ng t√∫i 1KG lo·∫°i 1/2/3/5/10/20/50/100/500g Silicagel - G√≥i ch·ªëng ·∫©m m·ªëc, kh·ª≠ m√πi",d0502e12d340c97cbd290c9562ed0aef
3902905150,12127755,T·∫§M PH√îNG CH·ª§P ·∫¢NH N·ªÄN CH·ª§P ·∫¢NH TH·∫¢M CH·ª§P ·∫¢NH,1520cd4ac2d3b794721c24cebfba668b
4244263214,32692367,Jack DC ƒë·ª±c - c√°i v·∫∑n ·ªëc,d81bc422e1063ad027a20ead9525b906
6717981071,96492393,Filter k√≠nh l·ªçc ·ªëng k√≠nh lens m√°y ·∫£nh,f05386804aaf9a10a5a87a446f08e93e
7100403346,182093520,"Ph·ª• ki·ªán ƒë·ªìng gi√° 10k cho camera h√†nh ƒë·ªông GoPro, Sjcam, Yi Action, Osmo Action",c4ca4b33dba4d0280591b628cc2f3d36
6934810341,19414087,Pin Ki·ªÅm Anker AAA Alkaline Batteries (2 Vi√™n / 4 Vi√™n) - B1820,c8b0cc8d50f1c1ad7f50fade4f95aab3
4627507079,8861028,[ Gi√° s·ªâ ] 500gr G√≥i h√∫t ·∫©m - h·∫°t h√∫t ·∫©m ƒë·∫ßy ƒë·ªß c√°c lo·∫°i,a25b5f61e5ed6288cae632d9664d313f
3869478449,351893663,"ƒê·∫ßu Ghi Camera Hikvision DS-7104HGHI-F1 , C·ªïng xu·∫•t h√¨nh ·∫£nh HDMI & VGA 1080P ƒë·ªìng th·ªùi , H·ªó tr·ª£ 1 ·ªï c·ª©ng (t·ªëi ƒëa 6TB/·ªï)",58fe99ededaa65241326a6bb32750c55
2912203235,88342813,M√°y tƒÉm n∆∞·ªõc h2ofloss HF- 2 nh·∫≠p kh·∫©u HANGY [T·∫∑ng h·ªôp ƒë·ª±ng ƒë·∫ßu x·ªãt v√† t√∫i v·∫£i ƒë·ª±ng m√°y cao c·∫•p],3ccfd6128a172d99b8e56d2da66cc765
4293068799,469248922,B·ªçt v·ªá sinh nam gi·ªõi Oniiz - Dung d·ªãch v·ªá sinh nam t·∫°o b·ªçt 100ml,66189633b3690ccd678e8d9dd1db4fab
13340527628,22920449,"M√°y ƒêo SPO2, ƒêo N·ªìng Oxi, ƒêo Nh·ªãp Tim LK87",5834e567c6d31730856703cc68d6cbf4
1686819394,52620077,"[H√†ng ch√≠nh h√£ng] Mi·∫øng d√°n m·ª•n, v·∫øt th∆∞∆°ng, s·∫πo, ph·ªèng b√¥...ƒëa nƒÉng Duoderm Extrathin 5x10cm, 10*10 cm",c25145da2a96165235b31333b93a2bef
4765980844,328343904,"B√†n ch·∫£i ƒëi·ªán Hachico Sonic X1 Pro, b√†n ch·∫£i ƒë√°nh rƒÉng ƒëi·ªán Hachico b·∫£n Pro n√¢ng c·∫•p ƒë·∫∑c bi·ªát",5b064b7a93812172609fe6a031a344e8
7760797284,8616850,Kem ƒë√°nh rƒÉng H√†n Qu·ªëc tr·∫Øng rƒÉng MEDIAN DENTAL IQ 93% 120g s√°ng b√≥ng NCC Shoptido,40c43589b9945962d899a06e262440c0
2190149544,139029112,20 model k√≠nh √°p tr√≤ng QUYNH LENS 0 - 8 ƒë·ªô,1d31a2ccbbb731984785cdaede1e5614
2959278416,430351719,N∆∞·ªõc nh·ªè m·∫Øt c·∫≠n Sancoba c·ªßa Nh·∫≠t B·∫£n h·ªó tr·ª£ tƒÉng c∆∞·ªùng th·ªã l·ª±c 5ml - h√†ng ngo·∫°i LikeandBuy,78136c1de58f01b1895cc1fd8710bf7e
9465938310,14595159,N∆∞·ªõc r·ª≠a m·∫Øt Eyebon W Vitamin Nh·∫≠t B·∫£n,c5b7ecf51b3d514541d62b76f5b6ccec
3736456436,75726145,"T√∫i ch∆∞·ªùm n√≥ng l·∫°nh nhung m·ªÅm SHOP10K gi·∫£m ƒëau b·ª•ng kinh, t√∫i ch∆∞·ªùm gi·ªØ ·∫•m h·∫° s·ªët 350ml SP004163",c7b2179c906b9a3e2108b589c575ea56
124063427,10072749,1 G√ìI- Mi·∫øng d√°n tr·∫Øng rƒÉng Crest 3D White - CH√çNH H√ÉNG,8644382943d8a18f22eb44b7f8de3288
8779189094,489632575,"Kh·∫©u Trang Y T·∫ø KF94 (Ch·ªØ Ti·∫øng Vi·ªát) - Kh√°ng Khu·∫©n, Ch·ªëng B·ª•i M·ªãn PM 2.5",64e5114c6f1ee0635fa23b33aa4c56e5
13301507779,356382639,"N∆∞·ªõc nh·ªè m·∫Øt Sancoba 0.02% 5ml Nh·∫≠t B·∫£n - H·ªó tr·ª£ ng∆∞·ªùi c·∫≠n th·ªã - ƒêi·ªÅu ti·∫øt ch·ª©ng m·ªèi m·∫Øt, r·ªëi lo·∫°n ƒëi·ªÅu ti·∫øt",06907c93690f80985e773aa37c781780
4342414116,17713786,Kh·∫©u Trang 3D Kh√°ng Khu·∫©n KF94 LandMask Set 1 B·ªãch 6 C√°i C√≥ 3 M√†u H√†ng C√¥ng Ty Ch√≠nh H√£ng,bc1bc0e4ff6c3df0eced3fadf4431555
2126513766,140941083,"Kem tr·∫Øng rƒÉng, th∆°m mi·ªáng Phoca by ThaiLan",fce9f9f6011a4437dec09efd7ce3388c
11855153401,544520919, Kh·∫©u trang 3D KF94 H√†n Qu·ªëc ch·ªëng b·ª•i m·ªãn v√† kh√°ng khu·∫©n,a16cc5ac55879ef5677ac51f6caf579e
7766502148,170366416,Mi·∫øng D√°n Tr·∫Øng RƒÉng 3D Ti·ªán D·ª•ng Ch·∫•t L∆∞·ª£ng Cao,56e56ad6c99bd399cccce0324fe8dd28
4054685575,257407963,(3/2024) KEM ƒê√ÅNH RƒÇNG MEDIAN 93% H√ÄN QU·ªêC,cf099a1b5127fe142765323148297995
7650868224,273097352,Chai x·ªãt mi·ªáng BAIMISS 10ml t∆∞∆°i m√°t chƒÉm s√≥c l√†m s·∫°ch h∆°i th·ªü,c10b1feb21aeacc00f806dfc76b44a78
9901861073,270572331,Mi·∫øng d√°n tr·∫Øng rƒÉng ‚ù§ FREESHIP ‚ù§ Mi·∫øng d√°n Crest 3D White Whitestrips [H√†ng M·ªπ] - tr·∫Øng rƒÉng Crest,07faf90c17d891e5cae9a0acfbbd2c38
3302679551,63524190,BƒÉng v·ªá sinh Diana si√™u th·∫•m si√™u m·ªèng c√°nh 20 mi·∫øng/g√≥i,fb276ff0fda86bff800d8f9fe3c25907
6195247446,12325354,H·ªôp 50 C√¢y TƒÉm Ch·ªâ Nha Khoa,2577371a5dbe1df798fe29834447bbdc
1698331095,108241183, Okamura - TƒÉm k·∫Ω ch·ªâ nha khoa ch·∫•t l∆∞·ª£ng Nh·∫≠t B·∫£n (B·ªãch 50 c√¢y/90 c√¢y),ae76c93265d2e71fdb9e3f9748aafdb4
8060724900,404378668,Nh·ªè M·∫Øt Sancoba Nh·∫≠t B·∫£n Ch·ªëng C·∫≠n Th·ªã 5ml,f0e5dfe36abaff4ef2a18857b5ccefa8
2127892234,139029112,Combo n∆∞·ªõc ng√¢m + nh·ªè m·∫Øt lens QU·ª≤NH LENS,eaa54704320dcd7a2f7833164a58ec7d
4445391332,74697295,ƒê≈©a Th·∫ßn Inner Gel Ch√≠nh H√£ng Se Kh√≠t L√†m H·ªìng V√πng K√≠n Gel Ph·ª• Khoa Dung D·ªãch V·ªá Sinh Ph·ª• N·ªØ S·ªë 1 H√†n Qu·ªëc,254d6e3a5f1b4ea7b71d20bf6a070a42
5342490984,12325354,B√†n Ch·∫£i ƒê√°nh RƒÉng Bossi 921,e46cce7b978bb89a43a0808cc6b2d4f7
7771878224,298368948,"Kem b√¥i ngo√†i da h·ªó tr·ª£ n·∫•m ng·ª©a, ch√†m, t·ªï ƒë·ªâa, gh·∫ª n∆∞·ªõc...",4e5fa4289ec35fb1865555a1590ce4e7
5587019715,19958411,"(B√°n bu√¥n ‚Äì S·ªâ) X·ªãt Th∆°m Mi·ªáng Heyxi V·ªã ƒê√†o, Tr√† Xanh Th∆°m M√°t XTM",69ccf1708730c715169c662858b21775
3661395777,18582774,C√¢y N·∫∑n M·ª•n 2 ƒê·∫ßu Que N·∫∑n M·ª•n Cao C·∫•p QNM02,44a8e82e4672501478e571ebba8e10a2
6069727787,349460867,"Kh·∫©u trang y t·∫ø WAKAMONO ‚Äì (4 l·ªõp, h·ªôp 10 c√°i)",e5c0594ad89a49d85eb3bdeaa4207ac7
8082531299,279899189,"ƒêai ch·ªëng g√π l∆∞ng POSTURE CORRECTOR Nam N·ªØ, ƒêai ch·ªëng g√π c√≥ size cho b√© ch√≠nh h√£ng 1 ƒë·ªïi 1 [T·∫∑ng 2 t·∫•m tr·ª£ l·ª±c]",1f2c8800961d081cf5cbcb64bc9f19bf
4218736123,213811966,Gel Inner V·ªá Sinh Ph·ª• N·ªØ,95b164eada9df22e638aa7fe3654a8bd
2811443831,29538542, (Double Inhaler) 01 C√°i ·ªêng H√≠t 2 M≈©i Double Inhaler H√¨nh Th√∫ Th√°i Lan,22e6b55eca9847a63ebda20ae8d494da
9245229619,391102704,Nh·ªè M·∫Øt Sancoba Nh·∫≠t B·∫£n Ch·ªëng C·∫≠n Th·ªã 5ml,38697d61ec208ce41caf6687cada697f
1368828084,78546729,B·ªô 2 chai n∆∞·ªõc s√∫c mi·ªáng di·ªát khu·∫©n gi·ªØ h∆°i th·ªü th∆°m m√°t Listerine Cool Mint 750ml/chai - 100945524,162d7a326e210b192e6a67110a72a28f
5834114571,164942739,(Freeship ƒê∆°n 50k)_H·ªôp 50 Chi·∫øc TƒÉm Ch·ªâ Nha Khoa FLOSS PICKS Ti·ªát Tr√πng S·ª£i Ch·ªâ M·∫£nh,59b29d9f4f2b7219be85e6d84ab40d74
6408099191,195401861,K√≠nh √°p tr√≤ng SEED 1day Pure moisture Nh·∫≠t B·∫£n tr·∫Øng lo·∫°i d√πng 1 ng√†y ƒë·ªô c·∫≠n ƒë·∫øn 16 ch·∫•t li·ªáu ion ƒë·ªô ·∫©m cao √™m m·∫Øt,f024897e860670f8a92535e4a618efdf
7770598033,279570363,Mi·∫øng D√°n Gi·ªØ Nhi·ªát C∆° Th·ªÉ WOMU Mi·∫øng D√°n ƒêau B·ª•ng Kinh Hamart Th·∫£o D∆∞·ª£c Thi√™n Nhi√™n [SIZE L·ªöN 3 V·ªä],23b439e800028855603c28800441a76d
345264245,13844835,M√°y ƒêo ƒê∆∞·ªùng Huy·∫øt Acon On Call Plus + T·∫∑ng h·ªôp 25 que th·ª≠ v√† h·ªôp 50 kim ch√≠ch m√°u,a8f2eb7fbacafa6950bdfd9e993a98cb
2710201865,15170380,"Nhi·ªát k·∫ø ƒëi·ªán t·ª≠ h·ªìng ngo·∫°i c·∫£m ·ª©ng ƒëo tr√°n ƒëa nƒÉng CKT-1502, CK-T1803",45f9f61662bfc4e1992b4a97c1d80a84
5335876703,63332926,"[X·∫£ h√†ng]-Cao D√°n H·ªìng S√¢m H√†n Qu·ªëc, T√∫i 20 mi·∫øng",6d6e9c011c769b7bbd5592221d911c46
5645570963,19396219,BƒÉng v·ªá sinh si√™u th·∫•m Nh·∫≠t B·∫£n Sofy Tampon Super g√≥i 9 mi·∫øng,4d36885f788aa9da874d8f634a965e7c
5471305779,45646193, Cao Sao V√†ng ( D·∫ßu C√π L√†) D∆∞·ª£c TW3 3gr,3c91d5d3bed75ae3ae1ac44e2764b996
13003008817,184754051,B√†n Ch·∫£i ƒê√°nh RƒÉng Than Tre Ho·∫°t T√≠nh H√†n Qu·ªëc BOSSI 921 h√†ng lo·∫°i 1 - KHO S·ªà MB,0a31de6a7e101a19904b3d5b8e33a083
7005161957,28228365,B√†n Ch·∫£i ƒê√°nh RƒÉng Than Tre Ho·∫°t T√≠nh H√†n Qu·ªëc BOSSI NO921 (kh√¥ng ch·ªçn m·∫ßu),35bd2ac0da4d741e874a64821dc86b77
4095559542,28228365,H·ªôp 50 Chi·∫øc TƒÉm Ch·ªâ Nha Khoa S·ª£i Ch·ªâ M·∫£nh,28ce2c7380f368000e71df14177f4655
7346781965,74804504,X·ªãt Th∆°m Mi·ªáng V·ªã ƒê√†o/B·∫°c H√† Th∆°m M√°t,6e19deec48f0b83a9bb30c85029f935a
3763242951,41258653,B√†n ch·∫£i ƒë√°nh rƒÉng than che bossi than ho·∫°t t√≠nh h√†n qu·ªëc,f6f1d4f791c082c63c573c4a7e14c86e
5177583023,363034222,B√†n ch·∫£i ƒë√°nh rƒÉng Bossi 921 H√†n Qu·ªëc - B√†n ch·∫£i than tre ho·∫°t t√≠nh,e921588a314901cea539277719173bba
3127358033,186229620,10 ·ªëng GEL PH·ª§ KHOA INNER,5e8ba1ee08d483ee17e078e60bd2984c
6857139389,67916054,(M·∫´u m·ªõi) X·ªãt ng·∫°t m≈©i Nazal Nh·∫≠t B·∫£n 30ml,cb6440e1907c40f3adc6f88d0c036303
8216802454,391102704,N∆∞·ªõc nh·ªè m·∫Øt Rohto Vita 40 Nh·∫≠t B·∫£n 12ml,c3ef2e4b9d639d1eaeec8a1494559b35
7977273293,375277503,"TƒÉm chi nha khoa Nh·∫≠t B·∫£n Sunny - Haka, g√≥i 80 - 50 que, chƒÉm s√≥c rƒÉng mi·ªáng - Soleil shop",bef47b91ac43c4c93a22b4dd9cd55e6f
8417659957,149831616,Mi·∫øng D√°n Ng·∫£i C·ª©u üíñ H·ªòP 12 MI·∫æNG üíñ Gi·∫£m Dau Vai C·ªï G√°y Hi·ªáu Qu·∫£ Aicao JingZhuitie H√ÄNG N·ªòI ƒê·ªäA,0ca97d8589dce8388ef96c1106fbe52d
1031992951,61792033,Gel b√¥i tr∆°n DUREX PLAY CLASSIC 50ML (NEW BOTTLE),5282b4262a25d8678f582c24acaddfc2
3802679051,63524190,BƒÉng v·ªá sinh Diana Sensi si√™u m·ªèng c√°nh 20 mi·∫øng/g√≥i,3398cafb86bfb15fe9b607900a2e7070
13122261100,549185529,Mi·∫øng D√°n Ng·∫£i C·ª©u üíñCOMBO 12 MI·∫æNG üíñ Gi·∫£m ƒêau Vai G√°y Hi·ªáu Qu·∫£ Nh·∫•t - H√†ng N·ªôi ƒê·ªãa Trung,7aa8d22c17087338c37cb0ea08f0f3f7
1608801055,63524190,BƒÉng v·ªá sinh si√™u th·∫•m Sofy Soft Tampon Super g√≥i 9 mi·∫øng (H√†ng nh·∫≠p kh·∫©u),ba2edc917cf14604fc05086a98ccd8e1
8048913358,318020444,"K·∫πo ng·ªß Natrol Melatonin Gummies, h·ªó tr·ª£ gi·∫•c ng·ªß, lo·∫°i 10MG 90 vi√™n",45d1fd6bdfd091e9bcaddc5bb5cafad7
